,rule,weight
0,"{'x_Tm1_PriceChg': 'x_Tm1_PriceChg_c3', 'x_Tm2_PriceChg': 'x_Tm2_PriceChg_c2', 'x_Tm3_PriceChg': 'x_Tm3_PriceChg_c0', 'x_Tm1_PRoc1': 'x_Tm1_PRoc1_c0', 'x_Tm5_PriceChg': 'x_Tm5_PriceChg_c3', 'x_Tm7_PRoc1': 'x_Tm7_PRoc1_c0', 'y_Tp13_PriceChg': 'y_Tp13_PriceChg_c2'}",6.8455234914296685
1,"{'x_Tm1_PriceChg': 'x_Tm1_PriceChg_c4', 'x_Tm2_PriceChg': 'x_Tm2_PriceChg_c3', 'x_Tm3_PriceChg': 'x_Tm3_PriceChg_c0', 'x_Tm1_PRoc1': 'x_Tm1_PRoc1_c0', 'x_Tm5_PriceChg': 'x_Tm5_PriceChg_c4', 'x_Tm7_PRoc1': 'x_Tm7_PRoc1_c0', 'y_Tp13_PriceChg': 'y_Tp13_PriceChg_c2'}",1.500664434927512
2,"{'x_Tm1_PriceChg': 'x_Tm1_PriceChg_c3', 'x_Tm2_PriceChg': 'x_Tm2_PriceChg_c2', 'x_Tm3_PriceChg': 'x_Tm3_PriceChg_c4', 'x_Tm1_PRoc1': 'x_Tm1_PRoc1_c0', 'x_Tm5_PriceChg': 'x_Tm5_PriceChg_c3', 'x_Tm7_PRoc1': 'x_Tm7_PRoc1_c0', 'y_Tp13_PriceChg': 'y_Tp13_PriceChg_c2'}",1.19881288202227
3,"{'x_Tm1_PriceChg': 'x_Tm1_PriceChg_c3', 'x_Tm2_PriceChg': 'x_Tm2_PriceChg_c3', 'x_Tm3_PriceChg': 'x_Tm3_PriceChg_c0', 'x_Tm1_PRoc1': 'x_Tm1_PRoc1_c0', 'x_Tm5_PriceChg': 'x_Tm5_PriceChg_c3', 'x_Tm7_PRoc1': 'x_Tm7_PRoc1_c0', 'y_Tp13_PriceChg': 'y_Tp13_PriceChg_c2'}",1.0527671632093447
4,"{'x_Tm1_PriceChg': 'x_Tm1_PriceChg_c3', 'x_Tm2_PriceChg': 'x_Tm2_PriceChg_c2', 'x_Tm3_PriceChg': 'x_Tm3_PriceChg_c0', 'x_Tm1_PRoc1': 'x_Tm1_PRoc1_c0', 'x_Tm5_PriceChg': 'x_Tm5_PriceChg_c3', 'x_Tm7_PRoc1': 'x_Tm7_PRoc1_c0', 'y_Tp13_PriceChg': 'y_Tp13_PriceChg_c1'}",1.0290897052926353
5,"{'x_Tm1_PriceChg': 'x_Tm1_PriceChg_c4', 'x_Tm2_PriceChg': 'x_Tm2_PriceChg_c3', 'x_Tm3_PriceChg': 'x_Tm3_PriceChg_c0', 'x_Tm1_PRoc1': 'x_Tm1_PRoc1_c0', 'x_Tm5_PriceChg': 'x_Tm5_PriceChg_c3', 'x_Tm7_PRoc1': 'x_Tm7_PRoc1_c0', 'y_Tp13_PriceChg': 'y_Tp13_PriceChg_c2'}",0.9165920278299989
6,"{'x_Tm1_PriceChg': 'x_Tm1_PriceChg_c3', 'x_Tm2_PriceChg': 'x_Tm2_PriceChg_c2', 'x_Tm3_PriceChg': 'x_Tm3_PriceChg_c4', 'x_Tm1_PRoc1': 'x_Tm1_PRoc1_c0', 'x_Tm5_PriceChg': 'x_Tm5_PriceChg_c3', 'x_Tm7_PRoc1': 'x_Tm7_PRoc1_c0', 'y_Tp13_PriceChg': 'y_Tp13_PriceChg_c1'}",0.647374190231181
7,"{'x_Tm1_PriceChg': 'x_Tm1_PriceChg_c2', 'x_Tm2_PriceChg': 'x_Tm2_PriceChg_c1', 'x_Tm3_PriceChg': 'x_Tm3_PriceChg_c4', 'x_Tm1_PRoc1': 'x_Tm1_PRoc1_c0', 'x_Tm5_PriceChg': 'x_Tm5_PriceChg_c3', 'x_Tm7_PRoc1': 'x_Tm7_PRoc1_c0', 'y_Tp13_PriceChg': 'y_Tp13_PriceChg_c1'}",0.35995816933015995
8,"{'x_Tm1_PriceChg': 'x_Tm1_PriceChg_c3', 'x_Tm2_PriceChg': 'x_Tm2_PriceChg_c3', 'x_Tm3_PriceChg': 'x_Tm3_PriceChg_c0', 'x_Tm1_PRoc1': 'x_Tm1_PRoc1_c0', 'x_Tm5_PriceChg': 'x_Tm5_PriceChg_c4', 'x_Tm7_PRoc1': 'x_Tm7_PRoc1_c0', 'y_Tp13_PriceChg': 'y_Tp13_PriceChg_c2'}",0.3430173304802175
9,"{'x_Tm1_PriceChg': 'x_Tm1_PriceChg_c3', 'x_Tm2_PriceChg': 'x_Tm2_PriceChg_c2', 'x_Tm3_PriceChg': 'x_Tm3_PriceChg_c0', 'x_Tm1_PRoc1': 'x_Tm1_PRoc1_c0', 'x_Tm5_PriceChg': 'x_Tm5_PriceChg_c3', 'x_Tm7_PRoc1': 'x_Tm7_PRoc1_c3', 'y_Tp13_PriceChg': 'y_Tp13_PriceChg_c2'}",0.31678679696040724
10,"{'x_Tm1_PriceChg': 'x_Tm1_PriceChg_c2', 'x_Tm2_PriceChg': 'x_Tm2_PriceChg_c2', 'x_Tm3_PriceChg': 'x_Tm3_PriceChg_c4', 'x_Tm1_PRoc1': 'x_Tm1_PRoc1_c0', 'x_Tm5_PriceChg': 'x_Tm5_PriceChg_c3', 'x_Tm7_PRoc1': 'x_Tm7_PRoc1_c0', 'y_Tp13_PriceChg': 'y_Tp13_PriceChg_c1'}",0.23316206110778148
11,"{'x_Tm1_PriceChg': 'x_Tm1_PriceChg_c3', 'x_Tm2_PriceChg': 'x_Tm2_PriceChg_c3', 'x_Tm3_PriceChg': 'x_Tm3_PriceChg_c0', 'x_Tm1_PRoc1': 'x_Tm1_PRoc1_c3', 'x_Tm5_PriceChg': 'x_Tm5_PriceChg_c3', 'x_Tm7_PRoc1': 'x_Tm7_PRoc1_c0', 'y_Tp13_PriceChg': 'y_Tp13_PriceChg_c2'}",0.2242004268579298
12,"{'x_Tm1_PriceChg': 'x_Tm1_PriceChg_c3', 'x_Tm2_PriceChg': 'x_Tm2_PriceChg_c2', 'x_Tm3_PriceChg': 'x_Tm3_PriceChg_c0', 'x_Tm1_PRoc1': 'x_Tm1_PRoc1_c3', 'x_Tm5_PriceChg': 'x_Tm5_PriceChg_c3', 'x_Tm7_PRoc1': 'x_Tm7_PRoc1_c0', 'y_Tp13_PriceChg': 'y_Tp13_PriceChg_c1'}",0.21512390337043727
13,"{'x_Tm1_PriceChg': 'x_Tm1_PriceChg_c3', 'x_Tm2_PriceChg': 'x_Tm2_PriceChg_c2', 'x_Tm3_PriceChg': 'x_Tm3_PriceChg_c4', 'x_Tm1_PRoc1': 'x_Tm1_PRoc1_c0', 'x_Tm5_PriceChg': 'x_Tm5_PriceChg_c3', 'x_Tm7_PRoc1': 'x_Tm7_PRoc1_c3', 'y_Tp13_PriceChg': 'y_Tp13_PriceChg_c1'}",0.2072161101415207
14,"{'x_Tm1_PriceChg': 'x_Tm1_PriceChg_c3', 'x_Tm2_PriceChg': 'x_Tm2_PriceChg_c2', 'x_Tm3_PriceChg': 'x_Tm3_PriceChg_c4', 'x_Tm1_PRoc1': 'x_Tm1_PRoc1_c0', 'x_Tm5_PriceChg': 'x_Tm5_PriceChg_c2', 'x_Tm7_PRoc1': 'x_Tm7_PRoc1_c3', 'y_Tp13_PriceChg': 'y_Tp13_PriceChg_c1'}",0.16112518043219642
15,"{'x_Tm1_PriceChg': 'x_Tm1_PriceChg_c2', 'x_Tm2_PriceChg': 'x_Tm2_PriceChg_c2', 'x_Tm3_PriceChg': 'x_Tm3_PriceChg_c0', 'x_Tm1_PRoc1': 'x_Tm1_PRoc1_c3', 'x_Tm5_PriceChg': 'x_Tm5_PriceChg_c3', 'x_Tm7_PRoc1': 'x_Tm7_PRoc1_c0', 'y_Tp13_PriceChg': 'y_Tp13_PriceChg_c1'}",0.15443999916417783
16,"{'x_Tm1_PriceChg': 'x_Tm1_PriceChg_c2', 'x_Tm2_PriceChg': 'x_Tm2_PriceChg_c1', 'x_Tm3_PriceChg': 'x_Tm3_PriceChg_c3', 'x_Tm1_PRoc1': 'x_Tm1_PRoc1_c0', 'x_Tm5_PriceChg': 'x_Tm5_PriceChg_c2', 'x_Tm7_PRoc1': 'x_Tm7_PRoc1_c0', 'y_Tp13_PriceChg': 'y_Tp13_PriceChg_c1'}",0.12455095913646778
17,"{'x_Tm1_PriceChg': 'x_Tm1_PriceChg_c4', 'x_Tm2_PriceChg': 'x_Tm2_PriceChg_c3', 'x_Tm3_PriceChg': 'x_Tm3_PriceChg_c5', 'x_Tm1_PRoc1': 'x_Tm1_PRoc1_c0', 'x_Tm5_PriceChg': 'x_Tm5_PriceChg_c4', 'x_Tm7_PRoc1': 'x_Tm7_PRoc1_c0', 'y_Tp13_PriceChg': 'y_Tp13_PriceChg_c2'}",0.11364951181838313
18,"{'x_Tm1_PriceChg': 'x_Tm1_PriceChg_c4', 'x_Tm2_PriceChg': 'x_Tm2_PriceChg_c3', 'x_Tm3_PriceChg': 'x_Tm3_PriceChg_c0', 'x_Tm1_PRoc1': 'x_Tm1_PRoc1_c0', 'x_Tm5_PriceChg': 'x_Tm5_PriceChg_c4', 'x_Tm7_PRoc1': 'x_Tm7_PRoc1_c4', 'y_Tp13_PriceChg': 'y_Tp13_PriceChg_c2'}",0.08925241149336116
19,"{'x_Tm1_PriceChg': 'x_Tm1_PriceChg_c2', 'x_Tm2_PriceChg': 'x_Tm2_PriceChg_c2', 'x_Tm3_PriceChg': 'x_Tm3_PriceChg_c4', 'x_Tm1_PRoc1': 'x_Tm1_PRoc1_c3', 'x_Tm5_PriceChg': 'x_Tm5_PriceChg_c3', 'x_Tm7_PRoc1': 'x_Tm7_PRoc1_c0', 'y_Tp13_PriceChg': 'y_Tp13_PriceChg_c1'}",0.08129995080348323
20,"{'x_Tm1_PriceChg': 'x_Tm1_PriceChg_c4', 'x_Tm2_PriceChg': 'x_Tm2_PriceChg_c2', 'x_Tm3_PriceChg': 'x_Tm3_PriceChg_c0', 'x_Tm1_PRoc1': 'x_Tm1_PRoc1_c4', 'x_Tm5_PriceChg': 'x_Tm5_PriceChg_c3', 'x_Tm7_PRoc1': 'x_Tm7_PRoc1_c0', 'y_Tp13_PriceChg': 'y_Tp13_PriceChg_c2'}",0.08089339464577787
21,"{'x_Tm1_PriceChg': 'x_Tm1_PriceChg_c4', 'x_Tm2_PriceChg': 'x_Tm2_PriceChg_c3', 'x_Tm3_PriceChg': 'x_Tm3_PriceChg_c0', 'x_Tm1_PRoc1': 'x_Tm1_PRoc1_c0', 'x_Tm5_PriceChg': 'x_Tm5_PriceChg_c3', 'x_Tm7_PRoc1': 'x_Tm7_PRoc1_c3', 'y_Tp13_PriceChg': 'y_Tp13_PriceChg_c2'}",0.07515706102996415
22,"{'x_Tm1_PriceChg': 'x_Tm1_PriceChg_c2', 'x_Tm2_PriceChg': 'x_Tm2_PriceChg_c1', 'x_Tm3_PriceChg': 'x_Tm3_PriceChg_c3', 'x_Tm1_PRoc1': 'x_Tm1_PRoc1_c0', 'x_Tm5_PriceChg': 'x_Tm5_PriceChg_c3', 'x_Tm7_PRoc1': 'x_Tm7_PRoc1_c3', 'y_Tp13_PriceChg': 'y_Tp13_PriceChg_c1'}",0.07383575718117501
23,"{'x_Tm1_PriceChg': 'x_Tm1_PriceChg_c4', 'x_Tm2_PriceChg': 'x_Tm2_PriceChg_c2', 'x_Tm3_PriceChg': 'x_Tm3_PriceChg_c0', 'x_Tm1_PRoc1': 'x_Tm1_PRoc1_c0', 'x_Tm5_PriceChg': 'x_Tm5_PriceChg_c3', 'x_Tm7_PRoc1': 'x_Tm7_PRoc1_c0', 'y_Tp13_PriceChg': 'y_Tp13_PriceChg_c2'}",0.07051935860675132
24,"{'x_Tm1_PriceChg': 'x_Tm1_PriceChg_c3', 'x_Tm2_PriceChg': 'x_Tm2_PriceChg_c2', 'x_Tm3_PriceChg': 'x_Tm3_PriceChg_c0', 'x_Tm1_PRoc1': 'x_Tm1_PRoc1_c3', 'x_Tm5_PriceChg': 'x_Tm5_PriceChg_c3', 'x_Tm7_PRoc1': 'x_Tm7_PRoc1_c0', 'y_Tp13_PriceChg': 'y_Tp13_PriceChg_c2'}",0.06281195313283319
25,"{'x_Tm1_PriceChg': 'x_Tm1_PriceChg_c3', 'x_Tm2_PriceChg': 'x_Tm2_PriceChg_c2', 'x_Tm3_PriceChg': 'x_Tm3_PriceChg_c4', 'x_Tm1_PRoc1': 'x_Tm1_PRoc1_c0', 'x_Tm5_PriceChg': 'x_Tm5_PriceChg_c3', 'x_Tm7_PRoc1': 'x_Tm7_PRoc1_c3', 'y_Tp13_PriceChg': 'y_Tp13_PriceChg_c2'}",0.06086822004437852
26,"{'x_Tm1_PriceChg': 'x_Tm1_PriceChg_c2', 'x_Tm2_PriceChg': 'x_Tm2_PriceChg_c1', 'x_Tm3_PriceChg': 'x_Tm3_PriceChg_c4', 'x_Tm1_PRoc1': 'x_Tm1_PRoc1_c0', 'x_Tm5_PriceChg': 'x_Tm5_PriceChg_c2', 'x_Tm7_PRoc1': 'x_Tm7_PRoc1_c3', 'y_Tp13_PriceChg': 'y_Tp13_PriceChg_c1'}",0.06021755487580854
27,"{'x_Tm1_PriceChg': 'x_Tm1_PriceChg_c2', 'x_Tm2_PriceChg': 'x_Tm2_PriceChg_c1', 'x_Tm3_PriceChg': 'x_Tm3_PriceChg_c4', 'x_Tm1_PRoc1': 'x_Tm1_PRoc1_c0', 'x_Tm5_PriceChg': 'x_Tm5_PriceChg_c2', 'x_Tm7_PRoc1': 'x_Tm7_PRoc1_c0', 'y_Tp13_PriceChg': 'y_Tp13_PriceChg_c1'}",0.0590683136156256
28,"{'x_Tm1_PriceChg': 'x_Tm1_PriceChg_c3', 'x_Tm2_PriceChg': 'x_Tm2_PriceChg_c2', 'x_Tm3_PriceChg': 'x_Tm3_PriceChg_c4', 'x_Tm1_PRoc1': 'x_Tm1_PRoc1_c4', 'x_Tm5_PriceChg': 'x_Tm5_PriceChg_c3', 'x_Tm7_PRoc1': 'x_Tm7_PRoc1_c0', 'y_Tp13_PriceChg': 'y_Tp13_PriceChg_c2'}",0.0582398855873444
29,"{'x_Tm1_PriceChg': 'x_Tm1_PriceChg_c4', 'x_Tm2_PriceChg': 'x_Tm2_PriceChg_c3', 'x_Tm3_PriceChg': 'x_Tm3_PriceChg_c5', 'x_Tm1_PRoc1': 'x_Tm1_PRoc1_c3', 'x_Tm5_PriceChg': 'x_Tm5_PriceChg_c4', 'x_Tm7_PRoc1': 'x_Tm7_PRoc1_c0', 'y_Tp13_PriceChg': 'y_Tp13_PriceChg_c2'}",0.0570469850073606
30,"{'x_Tm1_PriceChg': 'x_Tm1_PriceChg_c4', 'x_Tm2_PriceChg': 'x_Tm2_PriceChg_c3', 'x_Tm3_PriceChg': 'x_Tm3_PriceChg_c5', 'x_Tm1_PRoc1': 'x_Tm1_PRoc1_c0', 'x_Tm5_PriceChg': 'x_Tm5_PriceChg_c5', 'x_Tm7_PRoc1': 'x_Tm7_PRoc1_c0', 'y_Tp13_PriceChg': 'y_Tp13_PriceChg_c2'}",0.05581082682367397
31,"{'x_Tm1_PriceChg': 'x_Tm1_PriceChg_c2', 'x_Tm2_PriceChg': 'x_Tm2_PriceChg_c1', 'x_Tm3_PriceChg': 'x_Tm3_PriceChg_c3', 'x_Tm1_PRoc1': 'x_Tm1_PRoc1_c0', 'x_Tm5_PriceChg': 'x_Tm5_PriceChg_c3', 'x_Tm7_PRoc1': 'x_Tm7_PRoc1_c0', 'y_Tp13_PriceChg': 'y_Tp13_PriceChg_c1'}",0.05061401877002382
32,"{'x_Tm1_PriceChg': 'x_Tm1_PriceChg_c3', 'x_Tm2_PriceChg': 'x_Tm2_PriceChg_c2', 'x_Tm3_PriceChg': 'x_Tm3_PriceChg_c4', 'x_Tm1_PRoc1': 'x_Tm1_PRoc1_c3', 'x_Tm5_PriceChg': 'x_Tm5_PriceChg_c3', 'x_Tm7_PRoc1': 'x_Tm7_PRoc1_c0', 'y_Tp13_PriceChg': 'y_Tp13_PriceChg_c1'}",0.037420790701454446
33,"{'x_Tm1_PriceChg': 'x_Tm1_PriceChg_c3', 'x_Tm2_PriceChg': 'x_Tm2_PriceChg_c2', 'x_Tm3_PriceChg': 'x_Tm3_PriceChg_c0', 'x_Tm1_PRoc1': 'x_Tm1_PRoc1_c0', 'x_Tm5_PriceChg': 'x_Tm5_PriceChg_c3', 'x_Tm7_PRoc1': 'x_Tm7_PRoc1_c4', 'y_Tp13_PriceChg': 'y_Tp13_PriceChg_c2'}",0.035369410107192495
34,"{'x_Tm1_PriceChg': 'x_Tm1_PriceChg_c3', 'x_Tm2_PriceChg': 'x_Tm2_PriceChg_c2', 'x_Tm3_PriceChg': 'x_Tm3_PriceChg_c0', 'x_Tm1_PRoc1': 'x_Tm1_PRoc1_c0', 'x_Tm5_PriceChg': 'x_Tm5_PriceChg_c3', 'x_Tm7_PRoc1': 'x_Tm7_PRoc1_c3', 'y_Tp13_PriceChg': 'y_Tp13_PriceChg_c1'}",0.03536657426922035
35,"{'x_Tm1_PriceChg': 'x_Tm1_PriceChg_c3', 'x_Tm2_PriceChg': 'x_Tm2_PriceChg_c2', 'x_Tm3_PriceChg': 'x_Tm3_PriceChg_c4', 'x_Tm1_PRoc1': 'x_Tm1_PRoc1_c3', 'x_Tm5_PriceChg': 'x_Tm5_PriceChg_c3', 'x_Tm7_PRoc1': 'x_Tm7_PRoc1_c0', 'y_Tp13_PriceChg': 'y_Tp13_PriceChg_c2'}",0.031147703915482886
36,"{'x_Tm1_PriceChg': 'x_Tm1_PriceChg_c2', 'x_Tm2_PriceChg': 'x_Tm2_PriceChg_c1', 'x_Tm3_PriceChg': 'x_Tm3_PriceChg_c4', 'x_Tm1_PRoc1': 'x_Tm1_PRoc1_c3', 'x_Tm5_PriceChg': 'x_Tm5_PriceChg_c2', 'x_Tm7_PRoc1': 'x_Tm7_PRoc1_c0', 'y_Tp13_PriceChg': 'y_Tp13_PriceChg_c1'}",0.028052178249967506
37,"{'x_Tm1_PriceChg': 'x_Tm1_PriceChg_c3', 'x_Tm2_PriceChg': 'x_Tm2_PriceChg_c2', 'x_Tm3_PriceChg': 'x_Tm3_PriceChg_c4', 'x_Tm1_PRoc1': 'x_Tm1_PRoc1_c0', 'x_Tm5_PriceChg': 'x_Tm5_PriceChg_c3', 'x_Tm7_PRoc1': 'x_Tm7_PRoc1_c4', 'y_Tp13_PriceChg': 'y_Tp13_PriceChg_c1'}",0.027145292065103323
38,"{'x_Tm1_PriceChg': 'x_Tm1_PriceChg_c2', 'x_Tm2_PriceChg': 'x_Tm2_PriceChg_c2', 'x_Tm3_PriceChg': 'x_Tm3_PriceChg_c4', 'x_Tm1_PRoc1': 'x_Tm1_PRoc1_c3', 'x_Tm5_PriceChg': 'x_Tm5_PriceChg_c3', 'x_Tm7_PRoc1': 'x_Tm7_PRoc1_c3', 'y_Tp13_PriceChg': 'y_Tp13_PriceChg_c1'}",0.02418857374226451
39,"{'x_Tm1_PriceChg': 'x_Tm1_PriceChg_c3', 'x_Tm2_PriceChg': 'x_Tm2_PriceChg_c2', 'x_Tm3_PriceChg': 'x_Tm3_PriceChg_c0', 'x_Tm1_PRoc1': 'x_Tm1_PRoc1_c0', 'x_Tm5_PriceChg': 'x_Tm5_PriceChg_c4', 'x_Tm7_PRoc1': 'x_Tm7_PRoc1_c3', 'y_Tp13_PriceChg': 'y_Tp13_PriceChg_c2'}",0.02327696908841541
40,"{'x_Tm1_PriceChg': 'x_Tm1_PriceChg_c4', 'x_Tm2_PriceChg': 'x_Tm2_PriceChg_c3', 'x_Tm3_PriceChg': 'x_Tm3_PriceChg_c0', 'x_Tm1_PRoc1': 'x_Tm1_PRoc1_c3', 'x_Tm5_PriceChg': 'x_Tm5_PriceChg_c4', 'x_Tm7_PRoc1': 'x_Tm7_PRoc1_c0', 'y_Tp13_PriceChg': 'y_Tp13_PriceChg_c2'}",0.02106243597223452
41,"{'x_Tm1_PriceChg': 'x_Tm1_PriceChg_c4', 'x_Tm2_PriceChg': 'x_Tm2_PriceChg_c3', 'x_Tm3_PriceChg': 'x_Tm3_PriceChg_c0', 'x_Tm1_PRoc1': 'x_Tm1_PRoc1_c3', 'x_Tm5_PriceChg': 'x_Tm5_PriceChg_c4', 'x_Tm7_PRoc1': 'x_Tm7_PRoc1_c4', 'y_Tp13_PriceChg': 'y_Tp13_PriceChg_c2'}",0.020638070544309772
42,"{'x_Tm1_PriceChg': 'x_Tm1_PriceChg_c4', 'x_Tm2_PriceChg': 'x_Tm2_PriceChg_c2', 'x_Tm3_PriceChg': 'x_Tm3_PriceChg_c0', 'x_Tm1_PRoc1': 'x_Tm1_PRoc1_c4', 'x_Tm5_PriceChg': 'x_Tm5_PriceChg_c4', 'x_Tm7_PRoc1': 'x_Tm7_PRoc1_c0', 'y_Tp13_PriceChg': 'y_Tp13_PriceChg_c2'}",0.01886706866569058
43,"{'x_Tm1_PriceChg': 'x_Tm1_PriceChg_c3', 'x_Tm2_PriceChg': 'x_Tm2_PriceChg_c2', 'x_Tm3_PriceChg': 'x_Tm3_PriceChg_c0', 'x_Tm1_PRoc1': 'x_Tm1_PRoc1_c3', 'x_Tm5_PriceChg': 'x_Tm5_PriceChg_c3', 'x_Tm7_PRoc1': 'x_Tm7_PRoc1_c4', 'y_Tp13_PriceChg': 'y_Tp13_PriceChg_c2'}",0.016148983587403527
44,"{'x_Tm1_PriceChg': 'x_Tm1_PriceChg_c3', 'x_Tm2_PriceChg': 'x_Tm2_PriceChg_c3', 'x_Tm3_PriceChg': 'x_Tm3_PriceChg_c0', 'x_Tm1_PRoc1': 'x_Tm1_PRoc1_c0', 'x_Tm5_PriceChg': 'x_Tm5_PriceChg_c3', 'x_Tm7_PRoc1': 'x_Tm7_PRoc1_c3', 'y_Tp13_PriceChg': 'y_Tp13_PriceChg_c2'}",0.01140520747646745
45,"{'x_Tm1_PriceChg': 'x_Tm1_PriceChg_c2', 'x_Tm2_PriceChg': 'x_Tm2_PriceChg_c1', 'x_Tm3_PriceChg': 'x_Tm3_PriceChg_c4', 'x_Tm1_PRoc1': 'x_Tm1_PRoc1_c0', 'x_Tm5_PriceChg': 'x_Tm5_PriceChg_c3', 'x_Tm7_PRoc1': 'x_Tm7_PRoc1_c3', 'y_Tp13_PriceChg': 'y_Tp13_PriceChg_c1'}",0.007748631154935219
46,"{'x_Tm1_PriceChg': 'x_Tm1_PriceChg_c3', 'x_Tm2_PriceChg': 'x_Tm2_PriceChg_c2', 'x_Tm3_PriceChg': 'x_Tm3_PriceChg_c4', 'x_Tm1_PRoc1': 'x_Tm1_PRoc1_c0', 'x_Tm5_PriceChg': 'x_Tm5_PriceChg_c2', 'x_Tm7_PRoc1': 'x_Tm7_PRoc1_c0', 'y_Tp13_PriceChg': 'y_Tp13_PriceChg_c1'}",0.007255449079762346
47,"{'x_Tm1_PriceChg': 'x_Tm1_PriceChg_c3', 'x_Tm2_PriceChg': 'x_Tm2_PriceChg_c2', 'x_Tm3_PriceChg': 'x_Tm3_PriceChg_c0', 'x_Tm1_PRoc1': 'x_Tm1_PRoc1_c0', 'x_Tm5_PriceChg': 'x_Tm5_PriceChg_c4', 'x_Tm7_PRoc1': 'x_Tm7_PRoc1_c0', 'y_Tp13_PriceChg': 'y_Tp13_PriceChg_c1'}",0.006020232524938285
48,"{'x_Tm1_PriceChg': 'x_Tm1_PriceChg_c2', 'x_Tm2_PriceChg': 'x_Tm2_PriceChg_c1', 'x_Tm3_PriceChg': 'x_Tm3_PriceChg_c3', 'x_Tm1_PRoc1': 'x_Tm1_PRoc1_c0', 'x_Tm5_PriceChg': 'x_Tm5_PriceChg_c2', 'x_Tm7_PRoc1': 'x_Tm7_PRoc1_c3', 'y_Tp13_PriceChg': 'y_Tp13_PriceChg_c1'}",0.00468314147617418
49,"{'x_Tm1_PriceChg': 'x_Tm1_PriceChg_c3', 'x_Tm2_PriceChg': 'x_Tm2_PriceChg_c2', 'x_Tm3_PriceChg': 'x_Tm3_PriceChg_c0', 'x_Tm1_PRoc1': 'x_Tm1_PRoc1_c4', 'x_Tm5_PriceChg': 'x_Tm5_PriceChg_c3', 'x_Tm7_PRoc1': 'x_Tm7_PRoc1_c0', 'y_Tp13_PriceChg': 'y_Tp13_PriceChg_c2'}",0.004487721399793404
50,"{'x_Tm1_PriceChg': 'x_Tm1_PriceChg_c4', 'x_Tm2_PriceChg': 'x_Tm2_PriceChg_c3', 'x_Tm3_PriceChg': 'x_Tm3_PriceChg_c0', 'x_Tm1_PRoc1': 'x_Tm1_PRoc1_c0', 'x_Tm5_PriceChg': 'x_Tm5_PriceChg_c4', 'x_Tm7_PRoc1': 'x_Tm7_PRoc1_c3', 'y_Tp13_PriceChg': 'y_Tp13_PriceChg_c2'}",0.004268718569895959
51,"{'x_Tm1_PriceChg': 'x_Tm1_PriceChg_c2', 'x_Tm2_PriceChg': 'x_Tm2_PriceChg_c1', 'x_Tm3_PriceChg': 'x_Tm3_PriceChg_c3', 'x_Tm1_PRoc1': 'x_Tm1_PRoc1_c3', 'x_Tm5_PriceChg': 'x_Tm5_PriceChg_c2', 'x_Tm7_PRoc1': 'x_Tm7_PRoc1_c0', 'y_Tp13_PriceChg': 'y_Tp13_PriceChg_c1'}",0.004206926490097374
52,"{'x_Tm1_PriceChg': 'x_Tm1_PriceChg_c2', 'x_Tm2_PriceChg': 'x_Tm2_PriceChg_c1', 'x_Tm3_PriceChg': 'x_Tm3_PriceChg_c4', 'x_Tm1_PRoc1': 'x_Tm1_PRoc1_c3', 'x_Tm5_PriceChg': 'x_Tm5_PriceChg_c2', 'x_Tm7_PRoc1': 'x_Tm7_PRoc1_c3', 'y_Tp13_PriceChg': 'y_Tp13_PriceChg_c1'}",0.003772195972749227
53,"{'x_Tm1_PriceChg': 'x_Tm1_PriceChg_c2', 'x_Tm2_PriceChg': 'x_Tm2_PriceChg_c1', 'x_Tm3_PriceChg': 'x_Tm3_PriceChg_c4', 'x_Tm1_PRoc1': 'x_Tm1_PRoc1_c3', 'x_Tm5_PriceChg': 'x_Tm5_PriceChg_c3', 'x_Tm7_PRoc1': 'x_Tm7_PRoc1_c0', 'y_Tp13_PriceChg': 'y_Tp13_PriceChg_c1'}",0.003710297155988246
54,"{'x_Tm1_PriceChg': 'x_Tm1_PriceChg_c3', 'x_Tm2_PriceChg': 'x_Tm2_PriceChg_c1', 'x_Tm3_PriceChg': 'x_Tm3_PriceChg_c4', 'x_Tm1_PRoc1': 'x_Tm1_PRoc1_c0', 'x_Tm5_PriceChg': 'x_Tm5_PriceChg_c3', 'x_Tm7_PRoc1': 'x_Tm7_PRoc1_c0', 'y_Tp13_PriceChg': 'y_Tp13_PriceChg_c1'}",0.003175594157342416
55,"{'x_Tm1_PriceChg': 'x_Tm1_PriceChg_c2', 'x_Tm2_PriceChg': 'x_Tm2_PriceChg_c1', 'x_Tm3_PriceChg': 'x_Tm3_PriceChg_c3', 'x_Tm1_PRoc1': 'x_Tm1_PRoc1_c3', 'x_Tm5_PriceChg': 'x_Tm5_PriceChg_c2', 'x_Tm7_PRoc1': 'x_Tm7_PRoc1_c3', 'y_Tp13_PriceChg': 'y_Tp13_PriceChg_c1'}",0.003128056325652069
56,"{'x_Tm1_PriceChg': 'x_Tm1_PriceChg_c2', 'x_Tm2_PriceChg': 'x_Tm2_PriceChg_c1', 'x_Tm3_PriceChg': 'x_Tm3_PriceChg_c3', 'x_Tm1_PRoc1': 'x_Tm1_PRoc1_c4', 'x_Tm5_PriceChg': 'x_Tm5_PriceChg_c2', 'x_Tm7_PRoc1': 'x_Tm7_PRoc1_c0', 'y_Tp13_PriceChg': 'y_Tp13_PriceChg_c1'}",0.002463490064575383
57,"{'x_Tm1_PriceChg': 'x_Tm1_PriceChg_c3', 'x_Tm2_PriceChg': 'x_Tm2_PriceChg_c2', 'x_Tm3_PriceChg': 'x_Tm3_PriceChg_c0', 'x_Tm1_PRoc1': 'x_Tm1_PRoc1_c0', 'x_Tm5_PriceChg': 'x_Tm5_PriceChg_c3', 'x_Tm7_PRoc1': 'x_Tm7_PRoc1_c4', 'y_Tp13_PriceChg': 'y_Tp13_PriceChg_c1'}",0.0024076976085124257
58,"{'x_Tm1_PriceChg': 'x_Tm1_PriceChg_c3', 'x_Tm2_PriceChg': 'x_Tm2_PriceChg_c2', 'x_Tm3_PriceChg': 'x_Tm3_PriceChg_c0', 'x_Tm1_PRoc1': 'x_Tm1_PRoc1_c4', 'x_Tm5_PriceChg': 'x_Tm5_PriceChg_c3', 'x_Tm7_PRoc1': 'x_Tm7_PRoc1_c4', 'y_Tp13_PriceChg': 'y_Tp13_PriceChg_c2'}",0.002209696342442076
59,"{'x_Tm1_PriceChg': 'x_Tm1_PriceChg_c3', 'x_Tm2_PriceChg': 'x_Tm2_PriceChg_c2', 'x_Tm3_PriceChg': 'x_Tm3_PriceChg_c0', 'x_Tm1_PRoc1': 'x_Tm1_PRoc1_c0', 'x_Tm5_PriceChg': 'x_Tm5_PriceChg_c4', 'x_Tm7_PRoc1': 'x_Tm7_PRoc1_c0', 'y_Tp13_PriceChg': 'y_Tp13_PriceChg_c2'}",0.0019637963945296254
60,"{'x_Tm1_PriceChg': 'x_Tm1_PriceChg_c4', 'x_Tm2_PriceChg': 'x_Tm2_PriceChg_c3', 'x_Tm3_PriceChg': 'x_Tm3_PriceChg_c0', 'x_Tm1_PRoc1': 'x_Tm1_PRoc1_c4', 'x_Tm5_PriceChg': 'x_Tm5_PriceChg_c3', 'x_Tm7_PRoc1': 'x_Tm7_PRoc1_c0', 'y_Tp13_PriceChg': 'y_Tp13_PriceChg_c2'}",0.0019029156745324234
61,"{'x_Tm1_PriceChg': 'x_Tm1_PriceChg_c3', 'x_Tm2_PriceChg': 'x_Tm2_PriceChg_c2', 'x_Tm3_PriceChg': 'x_Tm3_PriceChg_c4', 'x_Tm1_PRoc1': 'x_Tm1_PRoc1_c0', 'x_Tm5_PriceChg': 'x_Tm5_PriceChg_c2', 'x_Tm7_PRoc1': 'x_Tm7_PRoc1_c0', 'y_Tp13_PriceChg': 'y_Tp13_PriceChg_c2'}",0.0018051701530360559
62,"{'x_Tm1_PriceChg': 'x_Tm1_PriceChg_c4', 'x_Tm2_PriceChg': 'x_Tm2_PriceChg_c3', 'x_Tm3_PriceChg': 'x_Tm3_PriceChg_c0', 'x_Tm1_PRoc1': 'x_Tm1_PRoc1_c3', 'x_Tm5_PriceChg': 'x_Tm5_PriceChg_c5', 'x_Tm7_PRoc1': 'x_Tm7_PRoc1_c0', 'y_Tp13_PriceChg': 'y_Tp13_PriceChg_c2'}",0.001718855995813726
63,"{'x_Tm1_PriceChg': 'x_Tm1_PriceChg_c3', 'x_Tm2_PriceChg': 'x_Tm2_PriceChg_c3', 'x_Tm3_PriceChg': 'x_Tm3_PriceChg_c0', 'x_Tm1_PRoc1': 'x_Tm1_PRoc1_c3', 'x_Tm5_PriceChg': 'x_Tm5_PriceChg_c4', 'x_Tm7_PRoc1': 'x_Tm7_PRoc1_c0', 'y_Tp13_PriceChg': 'y_Tp13_PriceChg_c2'}",0.0016359270953184572
64,"{'x_Tm1_PriceChg': 'x_Tm1_PriceChg_c4', 'x_Tm2_PriceChg': 'x_Tm2_PriceChg_c3', 'x_Tm3_PriceChg': 'x_Tm3_PriceChg_c5', 'x_Tm1_PRoc1': 'x_Tm1_PRoc1_c0', 'x_Tm5_PriceChg': 'x_Tm5_PriceChg_c5', 'x_Tm7_PRoc1': 'x_Tm7_PRoc1_c0', 'y_Tp13_PriceChg': 'y_Tp13_PriceChg_c3'}",0.0015029764929183835
65,"{'x_Tm1_PriceChg': 'x_Tm1_PriceChg_c4', 'x_Tm2_PriceChg': 'x_Tm2_PriceChg_c3', 'x_Tm3_PriceChg': 'x_Tm3_PriceChg_c0', 'x_Tm1_PRoc1': 'x_Tm1_PRoc1_c4', 'x_Tm5_PriceChg': 'x_Tm5_PriceChg_c3', 'x_Tm7_PRoc1': 'x_Tm7_PRoc1_c0', 'y_Tp13_PriceChg': 'y_Tp13_PriceChg_c3'}",0.0014268564647137868
66,"{'x_Tm1_PriceChg': 'x_Tm1_PriceChg_c4', 'x_Tm2_PriceChg': 'x_Tm2_PriceChg_c3', 'x_Tm3_PriceChg': 'x_Tm3_PriceChg_c0', 'x_Tm1_PRoc1': 'x_Tm1_PRoc1_c3', 'x_Tm5_PriceChg': 'x_Tm5_PriceChg_c3', 'x_Tm7_PRoc1': 'x_Tm7_PRoc1_c0', 'y_Tp13_PriceChg': 'y_Tp13_PriceChg_c2'}",0.0013260595500756947
67,"{'x_Tm1_PriceChg': 'x_Tm1_PriceChg_c3', 'x_Tm2_PriceChg': 'x_Tm2_PriceChg_c1', 'x_Tm3_PriceChg': 'x_Tm3_PriceChg_c3', 'x_Tm1_PRoc1': 'x_Tm1_PRoc1_c4', 'x_Tm5_PriceChg': 'x_Tm5_PriceChg_c2', 'x_Tm7_PRoc1': 'x_Tm7_PRoc1_c3', 'y_Tp13_PriceChg': 'y_Tp13_PriceChg_c2'}",0.0009887721723280073
68,"{'x_Tm1_PriceChg': 'x_Tm1_PriceChg_c4', 'x_Tm2_PriceChg': 'x_Tm2_PriceChg_c3', 'x_Tm3_PriceChg': 'x_Tm3_PriceChg_c0', 'x_Tm1_PRoc1': 'x_Tm1_PRoc1_c4', 'x_Tm5_PriceChg': 'x_Tm5_PriceChg_c5', 'x_Tm7_PRoc1': 'x_Tm7_PRoc1_c3', 'y_Tp13_PriceChg': 'y_Tp13_PriceChg_c2'}",0.0009859578266747967
69,"{'x_Tm1_PriceChg': 'x_Tm1_PriceChg_c3', 'x_Tm2_PriceChg': 'x_Tm2_PriceChg_c2', 'x_Tm3_PriceChg': 'x_Tm3_PriceChg_c3', 'x_Tm1_PRoc1': 'x_Tm1_PRoc1_c0', 'x_Tm5_PriceChg': 'x_Tm5_PriceChg_c2', 'x_Tm7_PRoc1': 'x_Tm7_PRoc1_c3', 'y_Tp13_PriceChg': 'y_Tp13_PriceChg_c2'}",0.0009766021964207879
70,"{'x_Tm1_PriceChg': 'x_Tm1_PriceChg_c4', 'x_Tm2_PriceChg': 'x_Tm2_PriceChg_c3', 'x_Tm3_PriceChg': 'x_Tm3_PriceChg_c5', 'x_Tm1_PRoc1': 'x_Tm1_PRoc1_c0', 'x_Tm5_PriceChg': 'x_Tm5_PriceChg_c4', 'x_Tm7_PRoc1': 'x_Tm7_PRoc1_c3', 'y_Tp13_PriceChg': 'y_Tp13_PriceChg_c2'}",0.0006418171225788827
71,"{'x_Tm1_PriceChg': 'x_Tm1_PriceChg_c3', 'x_Tm2_PriceChg': 'x_Tm2_PriceChg_c2', 'x_Tm3_PriceChg': 'x_Tm3_PriceChg_c3', 'x_Tm1_PRoc1': 'x_Tm1_PRoc1_c0', 'x_Tm5_PriceChg': 'x_Tm5_PriceChg_c2', 'x_Tm7_PRoc1': 'x_Tm7_PRoc1_c0', 'y_Tp13_PriceChg': 'y_Tp13_PriceChg_c2'}",0.0005862835771179502
72,"{'x_Tm1_PriceChg': 'x_Tm1_PriceChg_c2', 'x_Tm2_PriceChg': 'x_Tm2_PriceChg_c1', 'x_Tm3_PriceChg': 'x_Tm3_PriceChg_c2', 'x_Tm1_PRoc1': 'x_Tm1_PRoc1_c0', 'x_Tm5_PriceChg': 'x_Tm5_PriceChg_c2', 'x_Tm7_PRoc1': 'x_Tm7_PRoc1_c0', 'y_Tp13_PriceChg': 'y_Tp13_PriceChg_c1'}",0.000531724597094027
73,"{'x_Tm1_PriceChg': 'x_Tm1_PriceChg_c4', 'x_Tm2_PriceChg': 'x_Tm2_PriceChg_c3', 'x_Tm3_PriceChg': 'x_Tm3_PriceChg_c0', 'x_Tm1_PRoc1': 'x_Tm1_PRoc1_c0', 'x_Tm5_PriceChg': 'x_Tm5_PriceChg_c5', 'x_Tm7_PRoc1': 'x_Tm7_PRoc1_c0', 'y_Tp13_PriceChg': 'y_Tp13_PriceChg_c2'}",0.0004901003914491368
74,"{'x_Tm1_PriceChg': 'x_Tm1_PriceChg_c2', 'x_Tm2_PriceChg': 'x_Tm2_PriceChg_c1', 'x_Tm3_PriceChg': 'x_Tm3_PriceChg_c3', 'x_Tm1_PRoc1': 'x_Tm1_PRoc1_c0', 'x_Tm5_PriceChg': 'x_Tm5_PriceChg_c2', 'x_Tm7_PRoc1': 'x_Tm7_PRoc1_c2', 'y_Tp13_PriceChg': 'y_Tp13_PriceChg_c1'}",0.0003940309473986864
75,"{'x_Tm1_PriceChg': 'x_Tm1_PriceChg_c4', 'x_Tm2_PriceChg': 'x_Tm2_PriceChg_c3', 'x_Tm3_PriceChg': 'x_Tm3_PriceChg_c0', 'x_Tm1_PRoc1': 'x_Tm1_PRoc1_c4', 'x_Tm5_PriceChg': 'x_Tm5_PriceChg_c4', 'x_Tm7_PRoc1': 'x_Tm7_PRoc1_c0', 'y_Tp13_PriceChg': 'y_Tp13_PriceChg_c3'}",0.0003917761604134538
76,"{'x_Tm1_PriceChg': 'x_Tm1_PriceChg_c2', 'x_Tm2_PriceChg': 'x_Tm2_PriceChg_c2', 'x_Tm3_PriceChg': 'x_Tm3_PriceChg_c0', 'x_Tm1_PRoc1': 'x_Tm1_PRoc1_c0', 'x_Tm5_PriceChg': 'x_Tm5_PriceChg_c3', 'x_Tm7_PRoc1': 'x_Tm7_PRoc1_c0', 'y_Tp13_PriceChg': 'y_Tp13_PriceChg_c1'}",0.00037483828286705265
77,"{'x_Tm1_PriceChg': 'x_Tm1_PriceChg_c2', 'x_Tm2_PriceChg': 'x_Tm2_PriceChg_c1', 'x_Tm3_PriceChg': 'x_Tm3_PriceChg_c3', 'x_Tm1_PRoc1': 'x_Tm1_PRoc1_c3', 'x_Tm5_PriceChg': 'x_Tm5_PriceChg_c2', 'x_Tm7_PRoc1': 'x_Tm7_PRoc1_c4', 'y_Tp13_PriceChg': 'y_Tp13_PriceChg_c1'}",0.00028947362333705574
78,"{'x_Tm1_PriceChg': 'x_Tm1_PriceChg_c2', 'x_Tm2_PriceChg': 'x_Tm2_PriceChg_c1', 'x_Tm3_PriceChg': 'x_Tm3_PriceChg_c3', 'x_Tm1_PRoc1': 'x_Tm1_PRoc1_c0', 'x_Tm5_PriceChg': 'x_Tm5_PriceChg_c1', 'x_Tm7_PRoc1': 'x_Tm7_PRoc1_c0', 'y_Tp13_PriceChg': 'y_Tp13_PriceChg_c1'}",0.0002893421006292064
79,"{'x_Tm1_PriceChg': 'x_Tm1_PriceChg_c2', 'x_Tm2_PriceChg': 'x_Tm2_PriceChg_c1', 'x_Tm3_PriceChg': 'x_Tm3_PriceChg_c3', 'x_Tm1_PRoc1': 'x_Tm1_PRoc1_c3', 'x_Tm5_PriceChg': 'x_Tm5_PriceChg_c3', 'x_Tm7_PRoc1': 'x_Tm7_PRoc1_c0', 'y_Tp13_PriceChg': 'y_Tp13_PriceChg_c1'}",0.0002456333352441676
80,"{'x_Tm1_PriceChg': 'x_Tm1_PriceChg_c3', 'x_Tm2_PriceChg': 'x_Tm2_PriceChg_c2', 'x_Tm3_PriceChg': 'x_Tm3_PriceChg_c3', 'x_Tm1_PRoc1': 'x_Tm1_PRoc1_c0', 'x_Tm5_PriceChg': 'x_Tm5_PriceChg_c3', 'x_Tm7_PRoc1': 'x_Tm7_PRoc1_c0', 'y_Tp13_PriceChg': 'y_Tp13_PriceChg_c1'}",0.0002349733369697364
81,"{'x_Tm1_PriceChg': 'x_Tm1_PriceChg_c4', 'x_Tm2_PriceChg': 'x_Tm2_PriceChg_c3', 'x_Tm3_PriceChg': 'x_Tm3_PriceChg_c0', 'x_Tm1_PRoc1': 'x_Tm1_PRoc1_c0', 'x_Tm5_PriceChg': 'x_Tm5_PriceChg_c3', 'x_Tm7_PRoc1': 'x_Tm7_PRoc1_c4', 'y_Tp13_PriceChg': 'y_Tp13_PriceChg_c2'}",0.00016770721619774914
82,"{'x_Tm1_PriceChg': 'x_Tm1_PriceChg_c2', 'x_Tm2_PriceChg': 'x_Tm2_PriceChg_c1', 'x_Tm3_PriceChg': 'x_Tm3_PriceChg_c3', 'x_Tm1_PRoc1': 'x_Tm1_PRoc1_c4', 'x_Tm5_PriceChg': 'x_Tm5_PriceChg_c2', 'x_Tm7_PRoc1': 'x_Tm7_PRoc1_c3', 'y_Tp13_PriceChg': 'y_Tp13_PriceChg_c1'}",0.00016012124520120889
83,"{'x_Tm1_PriceChg': 'x_Tm1_PriceChg_c4', 'x_Tm2_PriceChg': 'x_Tm2_PriceChg_c3', 'x_Tm3_PriceChg': 'x_Tm3_PriceChg_c5', 'x_Tm1_PRoc1': 'x_Tm1_PRoc1_c0', 'x_Tm5_PriceChg': 'x_Tm5_PriceChg_c5', 'x_Tm7_PRoc1': 'x_Tm7_PRoc1_c3', 'y_Tp13_PriceChg': 'y_Tp13_PriceChg_c3'}",0.00015323498594400794
84,"{'x_Tm1_PriceChg': 'x_Tm1_PriceChg_c4', 'x_Tm2_PriceChg': 'x_Tm2_PriceChg_c2', 'x_Tm3_PriceChg': 'x_Tm3_PriceChg_c4', 'x_Tm1_PRoc1': 'x_Tm1_PRoc1_c4', 'x_Tm5_PriceChg': 'x_Tm5_PriceChg_c4', 'x_Tm7_PRoc1': 'x_Tm7_PRoc1_c0', 'y_Tp13_PriceChg': 'y_Tp13_PriceChg_c2'}",0.00013751318861256455
85,"{'x_Tm1_PriceChg': 'x_Tm1_PriceChg_c3', 'x_Tm2_PriceChg': 'x_Tm2_PriceChg_c3', 'x_Tm3_PriceChg': 'x_Tm3_PriceChg_c0', 'x_Tm1_PRoc1': 'x_Tm1_PRoc1_c0', 'x_Tm5_PriceChg': 'x_Tm5_PriceChg_c4', 'x_Tm7_PRoc1': 'x_Tm7_PRoc1_c4', 'y_Tp13_PriceChg': 'y_Tp13_PriceChg_c2'}",9.925867531076649e-05
86,"{'x_Tm1_PriceChg': 'x_Tm1_PriceChg_c1', 'x_Tm2_PriceChg': 'x_Tm2_PriceChg_c1', 'x_Tm3_PriceChg': 'x_Tm3_PriceChg_c3', 'x_Tm1_PRoc1': 'x_Tm1_PRoc1_c2', 'x_Tm5_PriceChg': 'x_Tm5_PriceChg_c2', 'x_Tm7_PRoc1': 'x_Tm7_PRoc1_c0', 'y_Tp13_PriceChg': 'y_Tp13_PriceChg_c1'}",9.596418407629528e-05
87,"{'x_Tm1_PriceChg': 'x_Tm1_PriceChg_c4', 'x_Tm2_PriceChg': 'x_Tm2_PriceChg_c3', 'x_Tm3_PriceChg': 'x_Tm3_PriceChg_c0', 'x_Tm1_PRoc1': 'x_Tm1_PRoc1_c3', 'x_Tm5_PriceChg': 'x_Tm5_PriceChg_c3', 'x_Tm7_PRoc1': 'x_Tm7_PRoc1_c2', 'y_Tp13_PriceChg': 'y_Tp13_PriceChg_c2'}",9.394967518608284e-05
88,"{'x_Tm1_PriceChg': 'x_Tm1_PriceChg_c3', 'x_Tm2_PriceChg': 'x_Tm2_PriceChg_c2', 'x_Tm3_PriceChg': 'x_Tm3_PriceChg_c0', 'x_Tm1_PRoc1': 'x_Tm1_PRoc1_c2', 'x_Tm5_PriceChg': 'x_Tm5_PriceChg_c3', 'x_Tm7_PRoc1': 'x_Tm7_PRoc1_c0', 'y_Tp13_PriceChg': 'y_Tp13_PriceChg_c2'}",7.775084247433286e-05
89,"{'x_Tm1_PriceChg': 'x_Tm1_PriceChg_c4', 'x_Tm2_PriceChg': 'x_Tm2_PriceChg_c3', 'x_Tm3_PriceChg': 'x_Tm3_PriceChg_c0', 'x_Tm1_PRoc1': 'x_Tm1_PRoc1_c4', 'x_Tm5_PriceChg': 'x_Tm5_PriceChg_c4', 'x_Tm7_PRoc1': 'x_Tm7_PRoc1_c0', 'y_Tp13_PriceChg': 'y_Tp13_PriceChg_c2'}",3.7628696396172634e-05
90,"{'x_Tm1_PriceChg': 'x_Tm1_PriceChg_c3', 'x_Tm2_PriceChg': 'x_Tm2_PriceChg_c3', 'x_Tm3_PriceChg': 'x_Tm3_PriceChg_c0', 'x_Tm1_PRoc1': 'x_Tm1_PRoc1_c3', 'x_Tm5_PriceChg': 'x_Tm5_PriceChg_c3', 'x_Tm7_PRoc1': 'x_Tm7_PRoc1_c3', 'y_Tp13_PriceChg': 'y_Tp13_PriceChg_c2'}",3.6248219876781024e-05
91,"{'x_Tm1_PriceChg': 'x_Tm1_PriceChg_c3', 'x_Tm2_PriceChg': 'x_Tm2_PriceChg_c2', 'x_Tm3_PriceChg': 'x_Tm3_PriceChg_c0', 'x_Tm1_PRoc1': 'x_Tm1_PRoc1_c3', 'x_Tm5_PriceChg': 'x_Tm5_PriceChg_c4', 'x_Tm7_PRoc1': 'x_Tm7_PRoc1_c0', 'y_Tp13_PriceChg': 'y_Tp13_PriceChg_c1'}",3.61522169447073e-05
92,"{'x_Tm1_PriceChg': 'x_Tm1_PriceChg_c4', 'x_Tm2_PriceChg': 'x_Tm2_PriceChg_c3', 'x_Tm3_PriceChg': 'x_Tm3_PriceChg_c5', 'x_Tm1_PRoc1': 'x_Tm1_PRoc1_c3', 'x_Tm5_PriceChg': 'x_Tm5_PriceChg_c5', 'x_Tm7_PRoc1': 'x_Tm7_PRoc1_c4', 'y_Tp13_PriceChg': 'y_Tp13_PriceChg_c2'}",2.8836722549408454e-05
93,"{'x_Tm1_PriceChg': 'x_Tm1_PriceChg_c4', 'x_Tm2_PriceChg': 'x_Tm2_PriceChg_c3', 'x_Tm3_PriceChg': 'x_Tm3_PriceChg_c0', 'x_Tm1_PRoc1': 'x_Tm1_PRoc1_c4', 'x_Tm5_PriceChg': 'x_Tm5_PriceChg_c4', 'x_Tm7_PRoc1': 'x_Tm7_PRoc1_c3', 'y_Tp13_PriceChg': 'y_Tp13_PriceChg_c2'}",2.7152957868179994e-05
94,"{'x_Tm1_PriceChg': 'x_Tm1_PriceChg_c3', 'x_Tm2_PriceChg': 'x_Tm2_PriceChg_c1', 'x_Tm3_PriceChg': 'x_Tm3_PriceChg_c3', 'x_Tm1_PRoc1': 'x_Tm1_PRoc1_c4', 'x_Tm5_PriceChg': 'x_Tm5_PriceChg_c3', 'x_Tm7_PRoc1': 'x_Tm7_PRoc1_c0', 'y_Tp13_PriceChg': 'y_Tp13_PriceChg_c2'}",2.4732729417426555e-05
95,"{'x_Tm1_PriceChg': 'x_Tm1_PriceChg_c3', 'x_Tm2_PriceChg': 'x_Tm2_PriceChg_c2', 'x_Tm3_PriceChg': 'x_Tm3_PriceChg_c0', 'x_Tm1_PRoc1': 'x_Tm1_PRoc1_c3', 'x_Tm5_PriceChg': 'x_Tm5_PriceChg_c3', 'x_Tm7_PRoc1': 'x_Tm7_PRoc1_c2', 'y_Tp13_PriceChg': 'y_Tp13_PriceChg_c2'}",2.1098279229789722e-05
96,"{'x_Tm1_PriceChg': 'x_Tm1_PriceChg_c4', 'x_Tm2_PriceChg': 'x_Tm2_PriceChg_c3', 'x_Tm3_PriceChg': 'x_Tm3_PriceChg_c5', 'x_Tm1_PRoc1': 'x_Tm1_PRoc1_c3', 'x_Tm5_PriceChg': 'x_Tm5_PriceChg_c4', 'x_Tm7_PRoc1': 'x_Tm7_PRoc1_c3', 'y_Tp13_PriceChg': 'y_Tp13_PriceChg_c2'}",2.0829770442367937e-05
97,"{'x_Tm1_PriceChg': 'x_Tm1_PriceChg_c2', 'x_Tm2_PriceChg': 'x_Tm2_PriceChg_c2', 'x_Tm3_PriceChg': 'x_Tm3_PriceChg_c0', 'x_Tm1_PRoc1': 'x_Tm1_PRoc1_c3', 'x_Tm5_PriceChg': 'x_Tm5_PriceChg_c2', 'x_Tm7_PRoc1': 'x_Tm7_PRoc1_c3', 'y_Tp13_PriceChg': 'y_Tp13_PriceChg_c1'}",1.9808183793784226e-05
98,"{'x_Tm1_PriceChg': 'x_Tm1_PriceChg_c3', 'x_Tm2_PriceChg': 'x_Tm2_PriceChg_c1', 'x_Tm3_PriceChg': 'x_Tm3_PriceChg_c4', 'x_Tm1_PRoc1': 'x_Tm1_PRoc1_c4', 'x_Tm5_PriceChg': 'x_Tm5_PriceChg_c2', 'x_Tm7_PRoc1': 'x_Tm7_PRoc1_c3', 'y_Tp13_PriceChg': 'y_Tp13_PriceChg_c2'}",1.8428738289426953e-05
99,"{'x_Tm1_PriceChg': 'x_Tm1_PriceChg_c4', 'x_Tm2_PriceChg': 'x_Tm2_PriceChg_c2', 'x_Tm3_PriceChg': 'x_Tm3_PriceChg_c3', 'x_Tm1_PRoc1': 'x_Tm1_PRoc1_c4', 'x_Tm5_PriceChg': 'x_Tm5_PriceChg_c3', 'x_Tm7_PRoc1': 'x_Tm7_PRoc1_c3', 'y_Tp13_PriceChg': 'y_Tp13_PriceChg_c2'}",1.6665035176366987e-05
100,"{'x_Tm1_PriceChg': 'x_Tm1_PriceChg_c5', 'x_Tm2_PriceChg': 'x_Tm2_PriceChg_c4', 'x_Tm3_PriceChg': 'x_Tm3_PriceChg_c6', 'x_Tm1_PRoc1': 'x_Tm1_PRoc1_c0', 'x_Tm5_PriceChg': 'x_Tm5_PriceChg_c6', 'x_Tm7_PRoc1': 'x_Tm7_PRoc1_c0', 'y_Tp13_PriceChg': 'y_Tp13_PriceChg_c4'}",1.6412281667655103e-05
101,"{'x_Tm1_PriceChg': 'x_Tm1_PriceChg_c4', 'x_Tm2_PriceChg': 'x_Tm2_PriceChg_c3', 'x_Tm3_PriceChg': 'x_Tm3_PriceChg_c5', 'x_Tm1_PRoc1': 'x_Tm1_PRoc1_c0', 'x_Tm5_PriceChg': 'x_Tm5_PriceChg_c4', 'x_Tm7_PRoc1': 'x_Tm7_PRoc1_c0', 'y_Tp13_PriceChg': 'y_Tp13_PriceChg_c3'}",1.6298930060845222e-05
102,"{'x_Tm1_PriceChg': 'x_Tm1_PriceChg_c2', 'x_Tm2_PriceChg': 'x_Tm2_PriceChg_c2', 'x_Tm3_PriceChg': 'x_Tm3_PriceChg_c0', 'x_Tm1_PRoc1': 'x_Tm1_PRoc1_c2', 'x_Tm5_PriceChg': 'x_Tm5_PriceChg_c2', 'x_Tm7_PRoc1': 'x_Tm7_PRoc1_c3', 'y_Tp13_PriceChg': 'y_Tp13_PriceChg_c1'}",1.6159788025985444e-05
103,"{'x_Tm1_PriceChg': 'x_Tm1_PriceChg_c4', 'x_Tm2_PriceChg': 'x_Tm2_PriceChg_c3', 'x_Tm3_PriceChg': 'x_Tm3_PriceChg_c0', 'x_Tm1_PRoc1': 'x_Tm1_PRoc1_c4', 'x_Tm5_PriceChg': 'x_Tm5_PriceChg_c5', 'x_Tm7_PRoc1': 'x_Tm7_PRoc1_c4', 'y_Tp13_PriceChg': 'y_Tp13_PriceChg_c3'}",1.6092686318752834e-05
104,"{'x_Tm1_PriceChg': 'x_Tm1_PriceChg_c4', 'x_Tm2_PriceChg': 'x_Tm2_PriceChg_c2', 'x_Tm3_PriceChg': 'x_Tm3_PriceChg_c0', 'x_Tm1_PRoc1': 'x_Tm1_PRoc1_c4', 'x_Tm5_PriceChg': 'x_Tm5_PriceChg_c4', 'x_Tm7_PRoc1': 'x_Tm7_PRoc1_c2', 'y_Tp13_PriceChg': 'y_Tp13_PriceChg_c3'}",1.5788053935531197e-05
105,"{'x_Tm1_PriceChg': 'x_Tm1_PriceChg_c3', 'x_Tm2_PriceChg': 'x_Tm2_PriceChg_c3', 'x_Tm3_PriceChg': 'x_Tm3_PriceChg_c0', 'x_Tm1_PRoc1': 'x_Tm1_PRoc1_c3', 'x_Tm5_PriceChg': 'x_Tm5_PriceChg_c4', 'x_Tm7_PRoc1': 'x_Tm7_PRoc1_c4', 'y_Tp13_PriceChg': 'y_Tp13_PriceChg_c2'}",1.5163773167122572e-05
106,"{'x_Tm1_PriceChg': 'x_Tm1_PriceChg_c2', 'x_Tm2_PriceChg': 'x_Tm2_PriceChg_c2', 'x_Tm3_PriceChg': 'x_Tm3_PriceChg_c0', 'x_Tm1_PRoc1': 'x_Tm1_PRoc1_c3', 'x_Tm5_PriceChg': 'x_Tm5_PriceChg_c3', 'x_Tm7_PRoc1': 'x_Tm7_PRoc1_c3', 'y_Tp13_PriceChg': 'y_Tp13_PriceChg_c1'}",1.4627763451592766e-05
107,"{'x_Tm1_PriceChg': 'x_Tm1_PriceChg_c4', 'x_Tm2_PriceChg': 'x_Tm2_PriceChg_c3', 'x_Tm3_PriceChg': 'x_Tm3_PriceChg_c5', 'x_Tm1_PRoc1': 'x_Tm1_PRoc1_c0', 'x_Tm5_PriceChg': 'x_Tm5_PriceChg_c5', 'x_Tm7_PRoc1': 'x_Tm7_PRoc1_c0', 'y_Tp13_PriceChg': 'y_Tp13_PriceChg_c4'}",1.4109911401903292e-05
108,"{'x_Tm1_PriceChg': 'x_Tm1_PriceChg_c2', 'x_Tm2_PriceChg': 'x_Tm2_PriceChg_c1', 'x_Tm3_PriceChg': 'x_Tm3_PriceChg_c4', 'x_Tm1_PRoc1': 'x_Tm1_PRoc1_c0', 'x_Tm5_PriceChg': 'x_Tm5_PriceChg_c3', 'x_Tm7_PRoc1': 'x_Tm7_PRoc1_c4', 'y_Tp13_PriceChg': 'y_Tp13_PriceChg_c1'}",1.391158376350697e-05
109,"{'x_Tm1_PriceChg': 'x_Tm1_PriceChg_c3', 'x_Tm2_PriceChg': 'x_Tm2_PriceChg_c2', 'x_Tm3_PriceChg': 'x_Tm3_PriceChg_c4', 'x_Tm1_PRoc1': 'x_Tm1_PRoc1_c3', 'x_Tm5_PriceChg': 'x_Tm5_PriceChg_c3', 'x_Tm7_PRoc1': 'x_Tm7_PRoc1_c3', 'y_Tp13_PriceChg': 'y_Tp13_PriceChg_c2'}",1.381813737133567e-05
110,"{'x_Tm1_PriceChg': 'x_Tm1_PriceChg_c3', 'x_Tm2_PriceChg': 'x_Tm2_PriceChg_c2', 'x_Tm3_PriceChg': 'x_Tm3_PriceChg_c3', 'x_Tm1_PRoc1': 'x_Tm1_PRoc1_c3', 'x_Tm5_PriceChg': 'x_Tm5_PriceChg_c2', 'x_Tm7_PRoc1': 'x_Tm7_PRoc1_c3', 'y_Tp13_PriceChg': 'y_Tp13_PriceChg_c1'}",1.334320595384042e-05
111,"{'x_Tm1_PriceChg': 'x_Tm1_PriceChg_c2', 'x_Tm2_PriceChg': 'x_Tm2_PriceChg_c1', 'x_Tm3_PriceChg': 'x_Tm3_PriceChg_c3', 'x_Tm1_PRoc1': 'x_Tm1_PRoc1_c4', 'x_Tm5_PriceChg': 'x_Tm5_PriceChg_c3', 'x_Tm7_PRoc1': 'x_Tm7_PRoc1_c0', 'y_Tp13_PriceChg': 'y_Tp13_PriceChg_c1'}",1.2952539396156542e-05
112,"{'x_Tm1_PriceChg': 'x_Tm1_PriceChg_c4', 'x_Tm2_PriceChg': 'x_Tm2_PriceChg_c3', 'x_Tm3_PriceChg': 'x_Tm3_PriceChg_c5', 'x_Tm1_PRoc1': 'x_Tm1_PRoc1_c0', 'x_Tm5_PriceChg': 'x_Tm5_PriceChg_c5', 'x_Tm7_PRoc1': 'x_Tm7_PRoc1_c3', 'y_Tp13_PriceChg': 'y_Tp13_PriceChg_c4'}",1.02601041441116e-05
113,"{'x_Tm1_PriceChg': 'x_Tm1_PriceChg_c2', 'x_Tm2_PriceChg': 'x_Tm2_PriceChg_c2', 'x_Tm3_PriceChg': 'x_Tm3_PriceChg_c4', 'x_Tm1_PRoc1': 'x_Tm1_PRoc1_c0', 'x_Tm5_PriceChg': 'x_Tm5_PriceChg_c3', 'x_Tm7_PRoc1': 'x_Tm7_PRoc1_c3', 'y_Tp13_PriceChg': 'y_Tp13_PriceChg_c1'}",1.0037393546994405e-05
114,"{'x_Tm1_PriceChg': 'x_Tm1_PriceChg_c2', 'x_Tm2_PriceChg': 'x_Tm2_PriceChg_c1', 'x_Tm3_PriceChg': 'x_Tm3_PriceChg_c4', 'x_Tm1_PRoc1': 'x_Tm1_PRoc1_c3', 'x_Tm5_PriceChg': 'x_Tm5_PriceChg_c1', 'x_Tm7_PRoc1': 'x_Tm7_PRoc1_c0', 'y_Tp13_PriceChg': 'y_Tp13_PriceChg_c1'}",9.757852733314189e-06
115,"{'x_Tm1_PriceChg': 'x_Tm1_PriceChg_c3', 'x_Tm2_PriceChg': 'x_Tm2_PriceChg_c2', 'x_Tm3_PriceChg': 'x_Tm3_PriceChg_c0', 'x_Tm1_PRoc1': 'x_Tm1_PRoc1_c0', 'x_Tm5_PriceChg': 'x_Tm5_PriceChg_c4', 'x_Tm7_PRoc1': 'x_Tm7_PRoc1_c4', 'y_Tp13_PriceChg': 'y_Tp13_PriceChg_c2'}",9.694472291744263e-06
116,"{'x_Tm1_PriceChg': 'x_Tm1_PriceChg_c2', 'x_Tm2_PriceChg': 'x_Tm2_PriceChg_c1', 'x_Tm3_PriceChg': 'x_Tm3_PriceChg_c3', 'x_Tm1_PRoc1': 'x_Tm1_PRoc1_c0', 'x_Tm5_PriceChg': 'x_Tm5_PriceChg_c3', 'x_Tm7_PRoc1': 'x_Tm7_PRoc1_c2', 'y_Tp13_PriceChg': 'y_Tp13_PriceChg_c1'}",9.519296677323763e-06
117,"{'x_Tm1_PriceChg': 'x_Tm1_PriceChg_c4', 'x_Tm2_PriceChg': 'x_Tm2_PriceChg_c4', 'x_Tm3_PriceChg': 'x_Tm3_PriceChg_c5', 'x_Tm1_PRoc1': 'x_Tm1_PRoc1_c0', 'x_Tm5_PriceChg': 'x_Tm5_PriceChg_c5', 'x_Tm7_PRoc1': 'x_Tm7_PRoc1_c3', 'y_Tp13_PriceChg': 'y_Tp13_PriceChg_c4'}",9.110275696545775e-06
118,"{'x_Tm1_PriceChg': 'x_Tm1_PriceChg_c4', 'x_Tm2_PriceChg': 'x_Tm2_PriceChg_c3', 'x_Tm3_PriceChg': 'x_Tm3_PriceChg_c0', 'x_Tm1_PRoc1': 'x_Tm1_PRoc1_c4', 'x_Tm5_PriceChg': 'x_Tm5_PriceChg_c3', 'x_Tm7_PRoc1': 'x_Tm7_PRoc1_c3', 'y_Tp13_PriceChg': 'y_Tp13_PriceChg_c2'}",9.072972751976526e-06
119,"{'x_Tm1_PriceChg': 'x_Tm1_PriceChg_c3', 'x_Tm2_PriceChg': 'x_Tm2_PriceChg_c2', 'x_Tm3_PriceChg': 'x_Tm3_PriceChg_c3', 'x_Tm1_PRoc1': 'x_Tm1_PRoc1_c0', 'x_Tm5_PriceChg': 'x_Tm5_PriceChg_c2', 'x_Tm7_PRoc1': 'x_Tm7_PRoc1_c2', 'y_Tp13_PriceChg': 'y_Tp13_PriceChg_c1'}",9.046054682194356e-06
120,"{'x_Tm1_PriceChg': 'x_Tm1_PriceChg_c2', 'x_Tm2_PriceChg': 'x_Tm2_PriceChg_c1', 'x_Tm3_PriceChg': 'x_Tm3_PriceChg_c4', 'x_Tm1_PRoc1': 'x_Tm1_PRoc1_c2', 'x_Tm5_PriceChg': 'x_Tm5_PriceChg_c3', 'x_Tm7_PRoc1': 'x_Tm7_PRoc1_c0', 'y_Tp13_PriceChg': 'y_Tp13_PriceChg_c1'}",7.842355446365653e-06
121,"{'x_Tm1_PriceChg': 'x_Tm1_PriceChg_c5', 'x_Tm2_PriceChg': 'x_Tm2_PriceChg_c4', 'x_Tm3_PriceChg': 'x_Tm3_PriceChg_c5', 'x_Tm1_PRoc1': 'x_Tm1_PRoc1_c0', 'x_Tm5_PriceChg': 'x_Tm5_PriceChg_c3', 'x_Tm7_PRoc1': 'x_Tm7_PRoc1_c0', 'y_Tp13_PriceChg': 'y_Tp13_PriceChg_c4'}",7.685622688571474e-06
122,"{'x_Tm1_PriceChg': 'x_Tm1_PriceChg_c2', 'x_Tm2_PriceChg': 'x_Tm2_PriceChg_c1', 'x_Tm3_PriceChg': 'x_Tm3_PriceChg_c3', 'x_Tm1_PRoc1': 'x_Tm1_PRoc1_c4', 'x_Tm5_PriceChg': 'x_Tm5_PriceChg_c1', 'x_Tm7_PRoc1': 'x_Tm7_PRoc1_c0', 'y_Tp13_PriceChg': 'y_Tp13_PriceChg_c1'}",7.658094343436096e-06
123,"{'x_Tm1_PriceChg': 'x_Tm1_PriceChg_c2', 'x_Tm2_PriceChg': 'x_Tm2_PriceChg_c2', 'x_Tm3_PriceChg': 'x_Tm3_PriceChg_c3', 'x_Tm1_PRoc1': 'x_Tm1_PRoc1_c0', 'x_Tm5_PriceChg': 'x_Tm5_PriceChg_c2', 'x_Tm7_PRoc1': 'x_Tm7_PRoc1_c3', 'y_Tp13_PriceChg': 'y_Tp13_PriceChg_c1'}",7.6268241878784275e-06
124,"{'x_Tm1_PriceChg': 'x_Tm1_PriceChg_c3', 'x_Tm2_PriceChg': 'x_Tm2_PriceChg_c1', 'x_Tm3_PriceChg': 'x_Tm3_PriceChg_c4', 'x_Tm1_PRoc1': 'x_Tm1_PRoc1_c4', 'x_Tm5_PriceChg': 'x_Tm5_PriceChg_c3', 'x_Tm7_PRoc1': 'x_Tm7_PRoc1_c0', 'y_Tp13_PriceChg': 'y_Tp13_PriceChg_c2'}",7.387154368068663e-06
125,"{'x_Tm1_PriceChg': 'x_Tm1_PriceChg_c3', 'x_Tm2_PriceChg': 'x_Tm2_PriceChg_c3', 'x_Tm3_PriceChg': 'x_Tm3_PriceChg_c0', 'x_Tm1_PRoc1': 'x_Tm1_PRoc1_c2', 'x_Tm5_PriceChg': 'x_Tm5_PriceChg_c4', 'x_Tm7_PRoc1': 'x_Tm7_PRoc1_c0', 'y_Tp13_PriceChg': 'y_Tp13_PriceChg_c2'}",6.930841749667577e-06
126,"{'x_Tm1_PriceChg': 'x_Tm1_PriceChg_c3', 'x_Tm2_PriceChg': 'x_Tm2_PriceChg_c1', 'x_Tm3_PriceChg': 'x_Tm3_PriceChg_c2', 'x_Tm1_PRoc1': 'x_Tm1_PRoc1_c4', 'x_Tm5_PriceChg': 'x_Tm5_PriceChg_c2', 'x_Tm7_PRoc1': 'x_Tm7_PRoc1_c2', 'y_Tp13_PriceChg': 'y_Tp13_PriceChg_c1'}",6.8505515864714505e-06
127,"{'x_Tm1_PriceChg': 'x_Tm1_PriceChg_c2', 'x_Tm2_PriceChg': 'x_Tm2_PriceChg_c2', 'x_Tm3_PriceChg': 'x_Tm3_PriceChg_c3', 'x_Tm1_PRoc1': 'x_Tm1_PRoc1_c2', 'x_Tm5_PriceChg': 'x_Tm5_PriceChg_c3', 'x_Tm7_PRoc1': 'x_Tm7_PRoc1_c4', 'y_Tp13_PriceChg': 'y_Tp13_PriceChg_c1'}",6.831059720822915e-06
128,"{'x_Tm1_PriceChg': 'x_Tm1_PriceChg_c4', 'x_Tm2_PriceChg': 'x_Tm2_PriceChg_c3', 'x_Tm3_PriceChg': 'x_Tm3_PriceChg_c5', 'x_Tm1_PRoc1': 'x_Tm1_PRoc1_c3', 'x_Tm5_PriceChg': 'x_Tm5_PriceChg_c5', 'x_Tm7_PRoc1': 'x_Tm7_PRoc1_c0', 'y_Tp13_PriceChg': 'y_Tp13_PriceChg_c2'}",6.459140468408389e-06
129,"{'x_Tm1_PriceChg': 'x_Tm1_PriceChg_c3', 'x_Tm2_PriceChg': 'x_Tm2_PriceChg_c2', 'x_Tm3_PriceChg': 'x_Tm3_PriceChg_c3', 'x_Tm1_PRoc1': 'x_Tm1_PRoc1_c3', 'x_Tm5_PriceChg': 'x_Tm5_PriceChg_c3', 'x_Tm7_PRoc1': 'x_Tm7_PRoc1_c3', 'y_Tp13_PriceChg': 'y_Tp13_PriceChg_c2'}",6.360477811558579e-06
130,"{'x_Tm1_PriceChg': 'x_Tm1_PriceChg_c3', 'x_Tm2_PriceChg': 'x_Tm2_PriceChg_c3', 'x_Tm3_PriceChg': 'x_Tm3_PriceChg_c5', 'x_Tm1_PRoc1': 'x_Tm1_PRoc1_c3', 'x_Tm5_PriceChg': 'x_Tm5_PriceChg_c4', 'x_Tm7_PRoc1': 'x_Tm7_PRoc1_c4', 'y_Tp13_PriceChg': 'y_Tp13_PriceChg_c2'}",6.126825722782762e-06
131,"{'x_Tm1_PriceChg': 'x_Tm1_PriceChg_c3', 'x_Tm2_PriceChg': 'x_Tm2_PriceChg_c1', 'x_Tm3_PriceChg': 'x_Tm3_PriceChg_c3', 'x_Tm1_PRoc1': 'x_Tm1_PRoc1_c4', 'x_Tm5_PriceChg': 'x_Tm5_PriceChg_c2', 'x_Tm7_PRoc1': 'x_Tm7_PRoc1_c4', 'y_Tp13_PriceChg': 'y_Tp13_PriceChg_c2'}",5.882648658872561e-06
132,"{'x_Tm1_PriceChg': 'x_Tm1_PriceChg_c3', 'x_Tm2_PriceChg': 'x_Tm2_PriceChg_c2', 'x_Tm3_PriceChg': 'x_Tm3_PriceChg_c0', 'x_Tm1_PRoc1': 'x_Tm1_PRoc1_c3', 'x_Tm5_PriceChg': 'x_Tm5_PriceChg_c4', 'x_Tm7_PRoc1': 'x_Tm7_PRoc1_c4', 'y_Tp13_PriceChg': 'y_Tp13_PriceChg_c2'}",5.84642210878355e-06
133,"{'x_Tm1_PriceChg': 'x_Tm1_PriceChg_c3', 'x_Tm2_PriceChg': 'x_Tm2_PriceChg_c2', 'x_Tm3_PriceChg': 'x_Tm3_PriceChg_c4', 'x_Tm1_PRoc1': 'x_Tm1_PRoc1_c4', 'x_Tm5_PriceChg': 'x_Tm5_PriceChg_c3', 'x_Tm7_PRoc1': 'x_Tm7_PRoc1_c4', 'y_Tp13_PriceChg': 'y_Tp13_PriceChg_c2'}",5.549221574623141e-06
134,"{'x_Tm1_PriceChg': 'x_Tm1_PriceChg_c2', 'x_Tm2_PriceChg': 'x_Tm2_PriceChg_c2', 'x_Tm3_PriceChg': 'x_Tm3_PriceChg_c4', 'x_Tm1_PRoc1': 'x_Tm1_PRoc1_c2', 'x_Tm5_PriceChg': 'x_Tm5_PriceChg_c4', 'x_Tm7_PRoc1': 'x_Tm7_PRoc1_c0', 'y_Tp13_PriceChg': 'y_Tp13_PriceChg_c1'}",5.1059017313294816e-06
135,"{'x_Tm1_PriceChg': 'x_Tm1_PriceChg_c2', 'x_Tm2_PriceChg': 'x_Tm2_PriceChg_c2', 'x_Tm3_PriceChg': 'x_Tm3_PriceChg_c0', 'x_Tm1_PRoc1': 'x_Tm1_PRoc1_c3', 'x_Tm5_PriceChg': 'x_Tm5_PriceChg_c3', 'x_Tm7_PRoc1': 'x_Tm7_PRoc1_c3', 'y_Tp13_PriceChg': 'y_Tp13_PriceChg_c2'}",4.847625394818936e-06
136,"{'x_Tm1_PriceChg': 'x_Tm1_PriceChg_c4', 'x_Tm2_PriceChg': 'x_Tm2_PriceChg_c3', 'x_Tm3_PriceChg': 'x_Tm3_PriceChg_c5', 'x_Tm1_PRoc1': 'x_Tm1_PRoc1_c3', 'x_Tm5_PriceChg': 'x_Tm5_PriceChg_c4', 'x_Tm7_PRoc1': 'x_Tm7_PRoc1_c4', 'y_Tp13_PriceChg': 'y_Tp13_PriceChg_c2'}",4.676971892231194e-06
137,"{'x_Tm1_PriceChg': 'x_Tm1_PriceChg_c4', 'x_Tm2_PriceChg': 'x_Tm2_PriceChg_c3', 'x_Tm3_PriceChg': 'x_Tm3_PriceChg_c5', 'x_Tm1_PRoc1': 'x_Tm1_PRoc1_c0', 'x_Tm5_PriceChg': 'x_Tm5_PriceChg_c5', 'x_Tm7_PRoc1': 'x_Tm7_PRoc1_c4', 'y_Tp13_PriceChg': 'y_Tp13_PriceChg_c4'}",4.494840501438524e-06
138,"{'x_Tm1_PriceChg': 'x_Tm1_PriceChg_c3', 'x_Tm2_PriceChg': 'x_Tm2_PriceChg_c2', 'x_Tm3_PriceChg': 'x_Tm3_PriceChg_c0', 'x_Tm1_PRoc1': 'x_Tm1_PRoc1_c2', 'x_Tm5_PriceChg': 'x_Tm5_PriceChg_c4', 'x_Tm7_PRoc1': 'x_Tm7_PRoc1_c3', 'y_Tp13_PriceChg': 'y_Tp13_PriceChg_c2'}",4.088619740435952e-06
139,"{'x_Tm1_PriceChg': 'x_Tm1_PriceChg_c4', 'x_Tm2_PriceChg': 'x_Tm2_PriceChg_c3', 'x_Tm3_PriceChg': 'x_Tm3_PriceChg_c5', 'x_Tm1_PRoc1': 'x_Tm1_PRoc1_c4', 'x_Tm5_PriceChg': 'x_Tm5_PriceChg_c5', 'x_Tm7_PRoc1': 'x_Tm7_PRoc1_c0', 'y_Tp13_PriceChg': 'y_Tp13_PriceChg_c3'}",3.981716881255519e-06
140,"{'x_Tm1_PriceChg': 'x_Tm1_PriceChg_c3', 'x_Tm2_PriceChg': 'x_Tm2_PriceChg_c2', 'x_Tm3_PriceChg': 'x_Tm3_PriceChg_c0', 'x_Tm1_PRoc1': 'x_Tm1_PRoc1_c3', 'x_Tm5_PriceChg': 'x_Tm5_PriceChg_c3', 'x_Tm7_PRoc1': 'x_Tm7_PRoc1_c3', 'y_Tp13_PriceChg': 'y_Tp13_PriceChg_c2'}",3.816825775884475e-06
141,"{'x_Tm1_PriceChg': 'x_Tm1_PriceChg_c5', 'x_Tm2_PriceChg': 'x_Tm2_PriceChg_c4', 'x_Tm3_PriceChg': 'x_Tm3_PriceChg_c5', 'x_Tm1_PRoc1': 'x_Tm1_PRoc1_c4', 'x_Tm5_PriceChg': 'x_Tm5_PriceChg_c5', 'x_Tm7_PRoc1': 'x_Tm7_PRoc1_c4', 'y_Tp13_PriceChg': 'y_Tp13_PriceChg_c4'}",3.45790457583588e-06
142,"{'x_Tm1_PriceChg': 'x_Tm1_PriceChg_c4', 'x_Tm2_PriceChg': 'x_Tm2_PriceChg_c2', 'x_Tm3_PriceChg': 'x_Tm3_PriceChg_c0', 'x_Tm1_PRoc1': 'x_Tm1_PRoc1_c4', 'x_Tm5_PriceChg': 'x_Tm5_PriceChg_c3', 'x_Tm7_PRoc1': 'x_Tm7_PRoc1_c3', 'y_Tp13_PriceChg': 'y_Tp13_PriceChg_c2'}",3.21082490803847e-06
143,"{'x_Tm1_PriceChg': 'x_Tm1_PriceChg_c3', 'x_Tm2_PriceChg': 'x_Tm2_PriceChg_c2', 'x_Tm3_PriceChg': 'x_Tm3_PriceChg_c4', 'x_Tm1_PRoc1': 'x_Tm1_PRoc1_c4', 'x_Tm5_PriceChg': 'x_Tm5_PriceChg_c3', 'x_Tm7_PRoc1': 'x_Tm7_PRoc1_c3', 'y_Tp13_PriceChg': 'y_Tp13_PriceChg_c2'}",3.1878871956031203e-06
144,"{'x_Tm1_PriceChg': 'x_Tm1_PriceChg_c3', 'x_Tm2_PriceChg': 'x_Tm2_PriceChg_c1', 'x_Tm3_PriceChg': 'x_Tm3_PriceChg_c4', 'x_Tm1_PRoc1': 'x_Tm1_PRoc1_c4', 'x_Tm5_PriceChg': 'x_Tm5_PriceChg_c3', 'x_Tm7_PRoc1': 'x_Tm7_PRoc1_c4', 'y_Tp13_PriceChg': 'y_Tp13_PriceChg_c2'}",3.1327746799006434e-06
145,"{'x_Tm1_PriceChg': 'x_Tm1_PriceChg_c2', 'x_Tm2_PriceChg': 'x_Tm2_PriceChg_c1', 'x_Tm3_PriceChg': 'x_Tm3_PriceChg_c3', 'x_Tm1_PRoc1': 'x_Tm1_PRoc1_c0', 'x_Tm5_PriceChg': 'x_Tm5_PriceChg_c1', 'x_Tm7_PRoc1': 'x_Tm7_PRoc1_c2', 'y_Tp13_PriceChg': 'y_Tp13_PriceChg_c1'}",3.0649895348337233e-06
146,"{'x_Tm1_PriceChg': 'x_Tm1_PriceChg_c5', 'x_Tm2_PriceChg': 'x_Tm2_PriceChg_c4', 'x_Tm3_PriceChg': 'x_Tm3_PriceChg_c6', 'x_Tm1_PRoc1': 'x_Tm1_PRoc1_c0', 'x_Tm5_PriceChg': 'x_Tm5_PriceChg_c5', 'x_Tm7_PRoc1': 'x_Tm7_PRoc1_c0', 'y_Tp13_PriceChg': 'y_Tp13_PriceChg_c4'}",2.798478777080474e-06
147,"{'x_Tm1_PriceChg': 'x_Tm1_PriceChg_c2', 'x_Tm2_PriceChg': 'x_Tm2_PriceChg_c2', 'x_Tm3_PriceChg': 'x_Tm3_PriceChg_c4', 'x_Tm1_PRoc1': 'x_Tm1_PRoc1_c3', 'x_Tm5_PriceChg': 'x_Tm5_PriceChg_c2', 'x_Tm7_PRoc1': 'x_Tm7_PRoc1_c0', 'y_Tp13_PriceChg': 'y_Tp13_PriceChg_c1'}",2.7906565119963197e-06
148,"{'x_Tm1_PriceChg': 'x_Tm1_PriceChg_c2', 'x_Tm2_PriceChg': 'x_Tm2_PriceChg_c1', 'x_Tm3_PriceChg': 'x_Tm3_PriceChg_c3', 'x_Tm1_PRoc1': 'x_Tm1_PRoc1_c0', 'x_Tm5_PriceChg': 'x_Tm5_PriceChg_c1', 'x_Tm7_PRoc1': 'x_Tm7_PRoc1_c3', 'y_Tp13_PriceChg': 'y_Tp13_PriceChg_c1'}",2.723744760958284e-06
149,"{'x_Tm1_PriceChg': 'x_Tm1_PriceChg_c3', 'x_Tm2_PriceChg': 'x_Tm2_PriceChg_c2', 'x_Tm3_PriceChg': 'x_Tm3_PriceChg_c0', 'x_Tm1_PRoc1': 'x_Tm1_PRoc1_c0', 'x_Tm5_PriceChg': 'x_Tm5_PriceChg_c4', 'x_Tm7_PRoc1': 'x_Tm7_PRoc1_c2', 'y_Tp13_PriceChg': 'y_Tp13_PriceChg_c2'}",2.672826668349052e-06
150,"{'x_Tm1_PriceChg': 'x_Tm1_PriceChg_c2', 'x_Tm2_PriceChg': 'x_Tm2_PriceChg_c1', 'x_Tm3_PriceChg': 'x_Tm3_PriceChg_c4', 'x_Tm1_PRoc1': 'x_Tm1_PRoc1_c4', 'x_Tm5_PriceChg': 'x_Tm5_PriceChg_c2', 'x_Tm7_PRoc1': 'x_Tm7_PRoc1_c0', 'y_Tp13_PriceChg': 'y_Tp13_PriceChg_c1'}",2.4801492221781105e-06
151,"{'x_Tm1_PriceChg': 'x_Tm1_PriceChg_c2', 'x_Tm2_PriceChg': 'x_Tm2_PriceChg_c1', 'x_Tm3_PriceChg': 'x_Tm3_PriceChg_c2', 'x_Tm1_PRoc1': 'x_Tm1_PRoc1_c4', 'x_Tm5_PriceChg': 'x_Tm5_PriceChg_c2', 'x_Tm7_PRoc1': 'x_Tm7_PRoc1_c3', 'y_Tp13_PriceChg': 'y_Tp13_PriceChg_c1'}",2.468672819206253e-06
152,"{'x_Tm1_PriceChg': 'x_Tm1_PriceChg_c4', 'x_Tm2_PriceChg': 'x_Tm2_PriceChg_c4', 'x_Tm3_PriceChg': 'x_Tm3_PriceChg_c5', 'x_Tm1_PRoc1': 'x_Tm1_PRoc1_c3', 'x_Tm5_PriceChg': 'x_Tm5_PriceChg_c5', 'x_Tm7_PRoc1': 'x_Tm7_PRoc1_c3', 'y_Tp13_PriceChg': 'y_Tp13_PriceChg_c4'}",2.4321534671619536e-06
153,"{'x_Tm1_PriceChg': 'x_Tm1_PriceChg_c2', 'x_Tm2_PriceChg': 'x_Tm2_PriceChg_c2', 'x_Tm3_PriceChg': 'x_Tm3_PriceChg_c0', 'x_Tm1_PRoc1': 'x_Tm1_PRoc1_c2', 'x_Tm5_PriceChg': 'x_Tm5_PriceChg_c4', 'x_Tm7_PRoc1': 'x_Tm7_PRoc1_c0', 'y_Tp13_PriceChg': 'y_Tp13_PriceChg_c1'}",2.4081808034325704e-06
154,"{'x_Tm1_PriceChg': 'x_Tm1_PriceChg_c4', 'x_Tm2_PriceChg': 'x_Tm2_PriceChg_c4', 'x_Tm3_PriceChg': 'x_Tm3_PriceChg_c5', 'x_Tm1_PRoc1': 'x_Tm1_PRoc1_c3', 'x_Tm5_PriceChg': 'x_Tm5_PriceChg_c5', 'x_Tm7_PRoc1': 'x_Tm7_PRoc1_c0', 'y_Tp13_PriceChg': 'y_Tp13_PriceChg_c4'}",2.1969784418363734e-06
155,"{'x_Tm1_PriceChg': 'x_Tm1_PriceChg_c2', 'x_Tm2_PriceChg': 'x_Tm2_PriceChg_c1', 'x_Tm3_PriceChg': 'x_Tm3_PriceChg_c0', 'x_Tm1_PRoc1': 'x_Tm1_PRoc1_c3', 'x_Tm5_PriceChg': 'x_Tm5_PriceChg_c3', 'x_Tm7_PRoc1': 'x_Tm7_PRoc1_c3', 'y_Tp13_PriceChg': 'y_Tp13_PriceChg_c1'}",2.145681111824292e-06
156,"{'x_Tm1_PriceChg': 'x_Tm1_PriceChg_c3', 'x_Tm2_PriceChg': 'x_Tm2_PriceChg_c2', 'x_Tm3_PriceChg': 'x_Tm3_PriceChg_c4', 'x_Tm1_PRoc1': 'x_Tm1_PRoc1_c4', 'x_Tm5_PriceChg': 'x_Tm5_PriceChg_c2', 'x_Tm7_PRoc1': 'x_Tm7_PRoc1_c4', 'y_Tp13_PriceChg': 'y_Tp13_PriceChg_c2'}",2.1040251069838443e-06
157,"{'x_Tm1_PriceChg': 'x_Tm1_PriceChg_c3', 'x_Tm2_PriceChg': 'x_Tm2_PriceChg_c2', 'x_Tm3_PriceChg': 'x_Tm3_PriceChg_c4', 'x_Tm1_PRoc1': 'x_Tm1_PRoc1_c0', 'x_Tm5_PriceChg': 'x_Tm5_PriceChg_c2', 'x_Tm7_PRoc1': 'x_Tm7_PRoc1_c3', 'y_Tp13_PriceChg': 'y_Tp13_PriceChg_c2'}",2.0982859357313196e-06
158,"{'x_Tm1_PriceChg': 'x_Tm1_PriceChg_c4', 'x_Tm2_PriceChg': 'x_Tm2_PriceChg_c3', 'x_Tm3_PriceChg': 'x_Tm3_PriceChg_c5', 'x_Tm1_PRoc1': 'x_Tm1_PRoc1_c0', 'x_Tm5_PriceChg': 'x_Tm5_PriceChg_c4', 'x_Tm7_PRoc1': 'x_Tm7_PRoc1_c4', 'y_Tp13_PriceChg': 'y_Tp13_PriceChg_c3'}",1.9113147697838904e-06
159,"{'x_Tm1_PriceChg': 'x_Tm1_PriceChg_c2', 'x_Tm2_PriceChg': 'x_Tm2_PriceChg_c2', 'x_Tm3_PriceChg': 'x_Tm3_PriceChg_c0', 'x_Tm1_PRoc1': 'x_Tm1_PRoc1_c3', 'x_Tm5_PriceChg': 'x_Tm5_PriceChg_c3', 'x_Tm7_PRoc1': 'x_Tm7_PRoc1_c4', 'y_Tp13_PriceChg': 'y_Tp13_PriceChg_c1'}",1.8851142863339484e-06
160,"{'x_Tm1_PriceChg': 'x_Tm1_PriceChg_c4', 'x_Tm2_PriceChg': 'x_Tm2_PriceChg_c3', 'x_Tm3_PriceChg': 'x_Tm3_PriceChg_c5', 'x_Tm1_PRoc1': 'x_Tm1_PRoc1_c0', 'x_Tm5_PriceChg': 'x_Tm5_PriceChg_c5', 'x_Tm7_PRoc1': 'x_Tm7_PRoc1_c4', 'y_Tp13_PriceChg': 'y_Tp13_PriceChg_c2'}",1.8025069214002433e-06
161,"{'x_Tm1_PriceChg': 'x_Tm1_PriceChg_c4', 'x_Tm2_PriceChg': 'x_Tm2_PriceChg_c3', 'x_Tm3_PriceChg': 'x_Tm3_PriceChg_c5', 'x_Tm1_PRoc1': 'x_Tm1_PRoc1_c4', 'x_Tm5_PriceChg': 'x_Tm5_PriceChg_c3', 'x_Tm7_PRoc1': 'x_Tm7_PRoc1_c0', 'y_Tp13_PriceChg': 'y_Tp13_PriceChg_c3'}",1.7683334554359422e-06
162,"{'x_Tm1_PriceChg': 'x_Tm1_PriceChg_c2', 'x_Tm2_PriceChg': 'x_Tm2_PriceChg_c1', 'x_Tm3_PriceChg': 'x_Tm3_PriceChg_c3', 'x_Tm1_PRoc1': 'x_Tm1_PRoc1_c4', 'x_Tm5_PriceChg': 'x_Tm5_PriceChg_c2', 'x_Tm7_PRoc1': 'x_Tm7_PRoc1_c2', 'y_Tp13_PriceChg': 'y_Tp13_PriceChg_c1'}",1.7610915469041645e-06
163,"{'x_Tm1_PriceChg': 'x_Tm1_PriceChg_c2', 'x_Tm2_PriceChg': 'x_Tm2_PriceChg_c1', 'x_Tm3_PriceChg': 'x_Tm3_PriceChg_c3', 'x_Tm1_PRoc1': 'x_Tm1_PRoc1_c3', 'x_Tm5_PriceChg': 'x_Tm5_PriceChg_c3', 'x_Tm7_PRoc1': 'x_Tm7_PRoc1_c3', 'y_Tp13_PriceChg': 'y_Tp13_PriceChg_c1'}",1.7393412254311831e-06
164,"{'x_Tm1_PriceChg': 'x_Tm1_PriceChg_c5', 'x_Tm2_PriceChg': 'x_Tm2_PriceChg_c4', 'x_Tm3_PriceChg': 'x_Tm3_PriceChg_c6', 'x_Tm1_PRoc1': 'x_Tm1_PRoc1_c0', 'x_Tm5_PriceChg': 'x_Tm5_PriceChg_c5', 'x_Tm7_PRoc1': 'x_Tm7_PRoc1_c4', 'y_Tp13_PriceChg': 'y_Tp13_PriceChg_c4'}",1.7275703128715116e-06
165,"{'x_Tm1_PriceChg': 'x_Tm1_PriceChg_c1', 'x_Tm2_PriceChg': 'x_Tm2_PriceChg_c0', 'x_Tm3_PriceChg': 'x_Tm3_PriceChg_c3', 'x_Tm1_PRoc1': 'x_Tm1_PRoc1_c0', 'x_Tm5_PriceChg': 'x_Tm5_PriceChg_c3', 'x_Tm7_PRoc1': 'x_Tm7_PRoc1_c0', 'y_Tp13_PriceChg': 'y_Tp13_PriceChg_c0'}",1.6709654182427161e-06
166,"{'x_Tm1_PriceChg': 'x_Tm1_PriceChg_c4', 'x_Tm2_PriceChg': 'x_Tm2_PriceChg_c4', 'x_Tm3_PriceChg': 'x_Tm3_PriceChg_c6', 'x_Tm1_PRoc1': 'x_Tm1_PRoc1_c0', 'x_Tm5_PriceChg': 'x_Tm5_PriceChg_c5', 'x_Tm7_PRoc1': 'x_Tm7_PRoc1_c0', 'y_Tp13_PriceChg': 'y_Tp13_PriceChg_c4'}",1.6204207922261377e-06
167,"{'x_Tm1_PriceChg': 'x_Tm1_PriceChg_c2', 'x_Tm2_PriceChg': 'x_Tm2_PriceChg_c1', 'x_Tm3_PriceChg': 'x_Tm3_PriceChg_c3', 'x_Tm1_PRoc1': 'x_Tm1_PRoc1_c2', 'x_Tm5_PriceChg': 'x_Tm5_PriceChg_c2', 'x_Tm7_PRoc1': 'x_Tm7_PRoc1_c2', 'y_Tp13_PriceChg': 'y_Tp13_PriceChg_c1'}",1.5941356572901539e-06
168,"{'x_Tm1_PriceChg': 'x_Tm1_PriceChg_c2', 'x_Tm2_PriceChg': 'x_Tm2_PriceChg_c1', 'x_Tm3_PriceChg': 'x_Tm3_PriceChg_c3', 'x_Tm1_PRoc1': 'x_Tm1_PRoc1_c0', 'x_Tm5_PriceChg': 'x_Tm5_PriceChg_c3', 'x_Tm7_PRoc1': 'x_Tm7_PRoc1_c4', 'y_Tp13_PriceChg': 'y_Tp13_PriceChg_c1'}",1.3943589417907084e-06
169,"{'x_Tm1_PriceChg': 'x_Tm1_PriceChg_c1', 'x_Tm2_PriceChg': 'x_Tm2_PriceChg_c1', 'x_Tm3_PriceChg': 'x_Tm3_PriceChg_c4', 'x_Tm1_PRoc1': 'x_Tm1_PRoc1_c2', 'x_Tm5_PriceChg': 'x_Tm5_PriceChg_c3', 'x_Tm7_PRoc1': 'x_Tm7_PRoc1_c0', 'y_Tp13_PriceChg': 'y_Tp13_PriceChg_c1'}",1.199653778611364e-06
170,"{'x_Tm1_PriceChg': 'x_Tm1_PriceChg_c3', 'x_Tm2_PriceChg': 'x_Tm2_PriceChg_c1', 'x_Tm3_PriceChg': 'x_Tm3_PriceChg_c4', 'x_Tm1_PRoc1': 'x_Tm1_PRoc1_c0', 'x_Tm5_PriceChg': 'x_Tm5_PriceChg_c2', 'x_Tm7_PRoc1': 'x_Tm7_PRoc1_c0', 'y_Tp13_PriceChg': 'y_Tp13_PriceChg_c1'}",8.452014842905406e-07
171,"{'x_Tm1_PriceChg': 'x_Tm1_PriceChg_c2', 'x_Tm2_PriceChg': 'x_Tm2_PriceChg_c2', 'x_Tm3_PriceChg': 'x_Tm3_PriceChg_c3', 'x_Tm1_PRoc1': 'x_Tm1_PRoc1_c3', 'x_Tm5_PriceChg': 'x_Tm5_PriceChg_c2', 'x_Tm7_PRoc1': 'x_Tm7_PRoc1_c0', 'y_Tp13_PriceChg': 'y_Tp13_PriceChg_c1'}",2.9902424585259804e-07
172,"{'x_Tm1_PriceChg': 'x_Tm1_PriceChg_c2', 'x_Tm2_PriceChg': 'x_Tm2_PriceChg_c1', 'x_Tm3_PriceChg': 'x_Tm3_PriceChg_c2', 'x_Tm1_PRoc1': 'x_Tm1_PRoc1_c0', 'x_Tm5_PriceChg': 'x_Tm5_PriceChg_c2', 'x_Tm7_PRoc1': 'x_Tm7_PRoc1_c4', 'y_Tp13_PriceChg': 'y_Tp13_PriceChg_c1'}",2.750890254139907e-07
173,"{'x_Tm1_PriceChg': 'x_Tm1_PriceChg_c2', 'x_Tm2_PriceChg': 'x_Tm2_PriceChg_c1', 'x_Tm3_PriceChg': 'x_Tm3_PriceChg_c2', 'x_Tm1_PRoc1': 'x_Tm1_PRoc1_c4', 'x_Tm5_PriceChg': 'x_Tm5_PriceChg_c3', 'x_Tm7_PRoc1': 'x_Tm7_PRoc1_c3', 'y_Tp13_PriceChg': 'y_Tp13_PriceChg_c1'}",2.7233807080667776e-07
174,"{'x_Tm1_PriceChg': 'x_Tm1_PriceChg_c3', 'x_Tm2_PriceChg': 'x_Tm2_PriceChg_c2', 'x_Tm3_PriceChg': 'x_Tm3_PriceChg_c0', 'x_Tm1_PRoc1': 'x_Tm1_PRoc1_c0', 'x_Tm5_PriceChg': 'x_Tm5_PriceChg_c2', 'x_Tm7_PRoc1': 'x_Tm7_PRoc1_c2', 'y_Tp13_PriceChg': 'y_Tp13_PriceChg_c2'}",1.4687054614897664e-07
175,"{'x_Tm1_PriceChg': 'x_Tm1_PriceChg_c3', 'x_Tm2_PriceChg': 'x_Tm2_PriceChg_c2', 'x_Tm3_PriceChg': 'x_Tm3_PriceChg_c0', 'x_Tm1_PRoc1': 'x_Tm1_PRoc1_c0', 'x_Tm5_PriceChg': 'x_Tm5_PriceChg_c5', 'x_Tm7_PRoc1': 'x_Tm7_PRoc1_c0', 'y_Tp13_PriceChg': 'y_Tp13_PriceChg_c2'}",1.3996290649439664e-07
176,"{'x_Tm1_PriceChg': 'x_Tm1_PriceChg_c3', 'x_Tm2_PriceChg': 'x_Tm2_PriceChg_c2', 'x_Tm3_PriceChg': 'x_Tm3_PriceChg_c0', 'x_Tm1_PRoc1': 'x_Tm1_PRoc1_c4', 'x_Tm5_PriceChg': 'x_Tm5_PriceChg_c3', 'x_Tm7_PRoc1': 'x_Tm7_PRoc1_c3', 'y_Tp13_PriceChg': 'y_Tp13_PriceChg_c2'}",1.3249112953329508e-07
177,"{'x_Tm1_PriceChg': 'x_Tm1_PriceChg_c2', 'x_Tm2_PriceChg': 'x_Tm2_PriceChg_c2', 'x_Tm3_PriceChg': 'x_Tm3_PriceChg_c4', 'x_Tm1_PRoc1': 'x_Tm1_PRoc1_c3', 'x_Tm5_PriceChg': 'x_Tm5_PriceChg_c3', 'x_Tm7_PRoc1': 'x_Tm7_PRoc1_c4', 'y_Tp13_PriceChg': 'y_Tp13_PriceChg_c2'}",1.2990845673331548e-07
178,"{'x_Tm1_PriceChg': 'x_Tm1_PriceChg_c2', 'x_Tm2_PriceChg': 'x_Tm2_PriceChg_c2', 'x_Tm3_PriceChg': 'x_Tm3_PriceChg_c0', 'x_Tm1_PRoc1': 'x_Tm1_PRoc1_c2', 'x_Tm5_PriceChg': 'x_Tm5_PriceChg_c3', 'x_Tm7_PRoc1': 'x_Tm7_PRoc1_c0', 'y_Tp13_PriceChg': 'y_Tp13_PriceChg_c1'}",1.2493139931613029e-07
179,"{'x_Tm1_PriceChg': 'x_Tm1_PriceChg_c4', 'x_Tm2_PriceChg': 'x_Tm2_PriceChg_c3', 'x_Tm3_PriceChg': 'x_Tm3_PriceChg_c0', 'x_Tm1_PRoc1': 'x_Tm1_PRoc1_c3', 'x_Tm5_PriceChg': 'x_Tm5_PriceChg_c3', 'x_Tm7_PRoc1': 'x_Tm7_PRoc1_c3', 'y_Tp13_PriceChg': 'y_Tp13_PriceChg_c2'}",1.234092494412287e-07
180,"{'x_Tm1_PriceChg': 'x_Tm1_PriceChg_c4', 'x_Tm2_PriceChg': 'x_Tm2_PriceChg_c2', 'x_Tm3_PriceChg': 'x_Tm3_PriceChg_c4', 'x_Tm1_PRoc1': 'x_Tm1_PRoc1_c4', 'x_Tm5_PriceChg': 'x_Tm5_PriceChg_c3', 'x_Tm7_PRoc1': 'x_Tm7_PRoc1_c0', 'y_Tp13_PriceChg': 'y_Tp13_PriceChg_c2'}",1.211736974674155e-07
181,"{'x_Tm1_PriceChg': 'x_Tm1_PriceChg_c2', 'x_Tm2_PriceChg': 'x_Tm2_PriceChg_c1', 'x_Tm3_PriceChg': 'x_Tm3_PriceChg_c4', 'x_Tm1_PRoc1': 'x_Tm1_PRoc1_c0', 'x_Tm5_PriceChg': 'x_Tm5_PriceChg_c3', 'x_Tm7_PRoc1': 'x_Tm7_PRoc1_c0', 'y_Tp13_PriceChg': 'y_Tp13_PriceChg_c2'}",9.384191726292751e-08
182,"{'x_Tm1_PriceChg': 'x_Tm1_PriceChg_c3', 'x_Tm2_PriceChg': 'x_Tm2_PriceChg_c2', 'x_Tm3_PriceChg': 'x_Tm3_PriceChg_c3', 'x_Tm1_PRoc1': 'x_Tm1_PRoc1_c0', 'x_Tm5_PriceChg': 'x_Tm5_PriceChg_c2', 'x_Tm7_PRoc1': 'x_Tm7_PRoc1_c0', 'y_Tp13_PriceChg': 'y_Tp13_PriceChg_c1'}",7.694449629893924e-08
183,"{'x_Tm1_PriceChg': 'x_Tm1_PriceChg_c2', 'x_Tm2_PriceChg': 'x_Tm2_PriceChg_c1', 'x_Tm3_PriceChg': 'x_Tm3_PriceChg_c4', 'x_Tm1_PRoc1': 'x_Tm1_PRoc1_c0', 'x_Tm5_PriceChg': 'x_Tm5_PriceChg_c2', 'x_Tm7_PRoc1': 'x_Tm7_PRoc1_c2', 'y_Tp13_PriceChg': 'y_Tp13_PriceChg_c1'}",7.155753439077718e-08
184,"{'x_Tm1_PriceChg': 'x_Tm1_PriceChg_c2', 'x_Tm2_PriceChg': 'x_Tm2_PriceChg_c1', 'x_Tm3_PriceChg': 'x_Tm3_PriceChg_c4', 'x_Tm1_PRoc1': 'x_Tm1_PRoc1_c4', 'x_Tm5_PriceChg': 'x_Tm5_PriceChg_c3', 'x_Tm7_PRoc1': 'x_Tm7_PRoc1_c0', 'y_Tp13_PriceChg': 'y_Tp13_PriceChg_c1'}",6.859410580701115e-08
185,"{'x_Tm1_PriceChg': 'x_Tm1_PriceChg_c2', 'x_Tm2_PriceChg': 'x_Tm2_PriceChg_c2', 'x_Tm3_PriceChg': 'x_Tm3_PriceChg_c4', 'x_Tm1_PRoc1': 'x_Tm1_PRoc1_c2', 'x_Tm5_PriceChg': 'x_Tm5_PriceChg_c3', 'x_Tm7_PRoc1': 'x_Tm7_PRoc1_c0', 'y_Tp13_PriceChg': 'y_Tp13_PriceChg_c1'}",6.221376643641643e-08
186,"{'x_Tm1_PriceChg': 'x_Tm1_PriceChg_c2', 'x_Tm2_PriceChg': 'x_Tm2_PriceChg_c1', 'x_Tm3_PriceChg': 'x_Tm3_PriceChg_c3', 'x_Tm1_PRoc1': 'x_Tm1_PRoc1_c2', 'x_Tm5_PriceChg': 'x_Tm5_PriceChg_c3', 'x_Tm7_PRoc1': 'x_Tm7_PRoc1_c4', 'y_Tp13_PriceChg': 'y_Tp13_PriceChg_c1'}",6.201447641979532e-08
187,"{'x_Tm1_PriceChg': 'x_Tm1_PriceChg_c3', 'x_Tm2_PriceChg': 'x_Tm2_PriceChg_c1', 'x_Tm3_PriceChg': 'x_Tm3_PriceChg_c3', 'x_Tm1_PRoc1': 'x_Tm1_PRoc1_c4', 'x_Tm5_PriceChg': 'x_Tm5_PriceChg_c2', 'x_Tm7_PRoc1': 'x_Tm7_PRoc1_c2', 'y_Tp13_PriceChg': 'y_Tp13_PriceChg_c2'}",6.172773679292887e-08
188,"{'x_Tm1_PriceChg': 'x_Tm1_PriceChg_c3', 'x_Tm2_PriceChg': 'x_Tm2_PriceChg_c2', 'x_Tm3_PriceChg': 'x_Tm3_PriceChg_c3', 'x_Tm1_PRoc1': 'x_Tm1_PRoc1_c0', 'x_Tm5_PriceChg': 'x_Tm5_PriceChg_c1', 'x_Tm7_PRoc1': 'x_Tm7_PRoc1_c2', 'y_Tp13_PriceChg': 'y_Tp13_PriceChg_c1'}",5.623693040941903e-08
189,"{'x_Tm1_PriceChg': 'x_Tm1_PriceChg_c4', 'x_Tm2_PriceChg': 'x_Tm2_PriceChg_c3', 'x_Tm3_PriceChg': 'x_Tm3_PriceChg_c5', 'x_Tm1_PRoc1': 'x_Tm1_PRoc1_c2', 'x_Tm5_PriceChg': 'x_Tm5_PriceChg_c5', 'x_Tm7_PRoc1': 'x_Tm7_PRoc1_c3', 'y_Tp13_PriceChg': 'y_Tp13_PriceChg_c2'}",5.2620554888453105e-08
190,"{'x_Tm1_PriceChg': 'x_Tm1_PriceChg_c3', 'x_Tm2_PriceChg': 'x_Tm2_PriceChg_c1', 'x_Tm3_PriceChg': 'x_Tm3_PriceChg_c3', 'x_Tm1_PRoc1': 'x_Tm1_PRoc1_c4', 'x_Tm5_PriceChg': 'x_Tm5_PriceChg_c2', 'x_Tm7_PRoc1': 'x_Tm7_PRoc1_c0', 'y_Tp13_PriceChg': 'y_Tp13_PriceChg_c2'}",5.171520651563877e-08
191,"{'x_Tm1_PriceChg': 'x_Tm1_PriceChg_c3', 'x_Tm2_PriceChg': 'x_Tm2_PriceChg_c2', 'x_Tm3_PriceChg': 'x_Tm3_PriceChg_c0', 'x_Tm1_PRoc1': 'x_Tm1_PRoc1_c0', 'x_Tm5_PriceChg': 'x_Tm5_PriceChg_c2', 'x_Tm7_PRoc1': 'x_Tm7_PRoc1_c0', 'y_Tp13_PriceChg': 'y_Tp13_PriceChg_c1'}",4.946007436373059e-08
192,"{'x_Tm1_PriceChg': 'x_Tm1_PriceChg_c2', 'x_Tm2_PriceChg': 'x_Tm2_PriceChg_c2', 'x_Tm3_PriceChg': 'x_Tm3_PriceChg_c0', 'x_Tm1_PRoc1': 'x_Tm1_PRoc1_c3', 'x_Tm5_PriceChg': 'x_Tm5_PriceChg_c3', 'x_Tm7_PRoc1': 'x_Tm7_PRoc1_c2', 'y_Tp13_PriceChg': 'y_Tp13_PriceChg_c2'}",4.91651669603786e-08
193,"{'x_Tm1_PriceChg': 'x_Tm1_PriceChg_c2', 'x_Tm2_PriceChg': 'x_Tm2_PriceChg_c1', 'x_Tm3_PriceChg': 'x_Tm3_PriceChg_c2', 'x_Tm1_PRoc1': 'x_Tm1_PRoc1_c0', 'x_Tm5_PriceChg': 'x_Tm5_PriceChg_c2', 'x_Tm7_PRoc1': 'x_Tm7_PRoc1_c3', 'y_Tp13_PriceChg': 'y_Tp13_PriceChg_c1'}",4.85259372692557e-08
194,"{'x_Tm1_PriceChg': 'x_Tm1_PriceChg_c2', 'x_Tm2_PriceChg': 'x_Tm2_PriceChg_c2', 'x_Tm3_PriceChg': 'x_Tm3_PriceChg_c4', 'x_Tm1_PRoc1': 'x_Tm1_PRoc1_c3', 'x_Tm5_PriceChg': 'x_Tm5_PriceChg_c2', 'x_Tm7_PRoc1': 'x_Tm7_PRoc1_c3', 'y_Tp13_PriceChg': 'y_Tp13_PriceChg_c1'}",2.8085516260319773e-08
195,"{'x_Tm1_PriceChg': 'x_Tm1_PriceChg_c2', 'x_Tm2_PriceChg': 'x_Tm2_PriceChg_c2', 'x_Tm3_PriceChg': 'x_Tm3_PriceChg_c4', 'x_Tm1_PRoc1': 'x_Tm1_PRoc1_c2', 'x_Tm5_PriceChg': 'x_Tm5_PriceChg_c3', 'x_Tm7_PRoc1': 'x_Tm7_PRoc1_c3', 'y_Tp13_PriceChg': 'y_Tp13_PriceChg_c1'}",2.3917810029713246e-08
196,"{'x_Tm1_PriceChg': 'x_Tm1_PriceChg_c3', 'x_Tm2_PriceChg': 'x_Tm2_PriceChg_c2', 'x_Tm3_PriceChg': 'x_Tm3_PriceChg_c4', 'x_Tm1_PRoc1': 'x_Tm1_PRoc1_c4', 'x_Tm5_PriceChg': 'x_Tm5_PriceChg_c2', 'x_Tm7_PRoc1': 'x_Tm7_PRoc1_c3', 'y_Tp13_PriceChg': 'y_Tp13_PriceChg_c2'}",2.30174995315414e-08
197,"{'x_Tm1_PriceChg': 'x_Tm1_PriceChg_c2', 'x_Tm2_PriceChg': 'x_Tm2_PriceChg_c2', 'x_Tm3_PriceChg': 'x_Tm3_PriceChg_c4', 'x_Tm1_PRoc1': 'x_Tm1_PRoc1_c0', 'x_Tm5_PriceChg': 'x_Tm5_PriceChg_c2', 'x_Tm7_PRoc1': 'x_Tm7_PRoc1_c0', 'y_Tp13_PriceChg': 'y_Tp13_PriceChg_c1'}",1.788916686107798e-08
198,"{'x_Tm1_PriceChg': 'x_Tm1_PriceChg_c3', 'x_Tm2_PriceChg': 'x_Tm2_PriceChg_c1', 'x_Tm3_PriceChg': 'x_Tm3_PriceChg_c3', 'x_Tm1_PRoc1': 'x_Tm1_PRoc1_c0', 'x_Tm5_PriceChg': 'x_Tm5_PriceChg_c3', 'x_Tm7_PRoc1': 'x_Tm7_PRoc1_c3', 'y_Tp13_PriceChg': 'y_Tp13_PriceChg_c1'}",1.4517588053737167e-08
199,"{'x_Tm1_PriceChg': 'x_Tm1_PriceChg_c2', 'x_Tm2_PriceChg': 'x_Tm2_PriceChg_c1', 'x_Tm3_PriceChg': 'x_Tm3_PriceChg_c4', 'x_Tm1_PRoc1': 'x_Tm1_PRoc1_c0', 'x_Tm5_PriceChg': 'x_Tm5_PriceChg_c2', 'x_Tm7_PRoc1': 'x_Tm7_PRoc1_c4', 'y_Tp13_PriceChg': 'y_Tp13_PriceChg_c1'}",1.1520081107349764e-08
200,"{'x_Tm1_PriceChg': 'x_Tm1_PriceChg_c2', 'x_Tm2_PriceChg': 'x_Tm2_PriceChg_c1', 'x_Tm3_PriceChg': 'x_Tm3_PriceChg_c0', 'x_Tm1_PRoc1': 'x_Tm1_PRoc1_c0', 'x_Tm5_PriceChg': 'x_Tm5_PriceChg_c3', 'x_Tm7_PRoc1': 'x_Tm7_PRoc1_c0', 'y_Tp13_PriceChg': 'y_Tp13_PriceChg_c1'}",7.969985030746665e-09
201,"{'x_Tm1_PriceChg': 'x_Tm1_PriceChg_c3', 'x_Tm2_PriceChg': 'x_Tm2_PriceChg_c2', 'x_Tm3_PriceChg': 'x_Tm3_PriceChg_c0', 'x_Tm1_PRoc1': 'x_Tm1_PRoc1_c3', 'x_Tm5_PriceChg': 'x_Tm5_PriceChg_c4', 'x_Tm7_PRoc1': 'x_Tm7_PRoc1_c0', 'y_Tp13_PriceChg': 'y_Tp13_PriceChg_c2'}",4.45832769314296e-09
202,"{'x_Tm1_PriceChg': 'x_Tm1_PriceChg_c4', 'x_Tm2_PriceChg': 'x_Tm2_PriceChg_c3', 'x_Tm3_PriceChg': 'x_Tm3_PriceChg_c5', 'x_Tm1_PRoc1': 'x_Tm1_PRoc1_c0', 'x_Tm5_PriceChg': 'x_Tm5_PriceChg_c5', 'x_Tm7_PRoc1': 'x_Tm7_PRoc1_c4', 'y_Tp13_PriceChg': 'y_Tp13_PriceChg_c3'}",1.2589701471218216e-09
203,"{'x_Tm1_PriceChg': 'x_Tm1_PriceChg_c4', 'x_Tm2_PriceChg': 'x_Tm2_PriceChg_c3', 'x_Tm3_PriceChg': 'x_Tm3_PriceChg_c0', 'x_Tm1_PRoc1': 'x_Tm1_PRoc1_c2', 'x_Tm5_PriceChg': 'x_Tm5_PriceChg_c4', 'x_Tm7_PRoc1': 'x_Tm7_PRoc1_c0', 'y_Tp13_PriceChg': 'y_Tp13_PriceChg_c2'}",1.050101782546615e-09
204,"{'x_Tm1_PriceChg': 'x_Tm1_PriceChg_c2', 'x_Tm2_PriceChg': 'x_Tm2_PriceChg_c2', 'x_Tm3_PriceChg': 'x_Tm3_PriceChg_c4', 'x_Tm1_PRoc1': 'x_Tm1_PRoc1_c0', 'x_Tm5_PriceChg': 'x_Tm5_PriceChg_c3', 'x_Tm7_PRoc1': 'x_Tm7_PRoc1_c2', 'y_Tp13_PriceChg': 'y_Tp13_PriceChg_c1'}",9.731212465041e-10
205,"{'x_Tm1_PriceChg': 'x_Tm1_PriceChg_c4', 'x_Tm2_PriceChg': 'x_Tm2_PriceChg_c3', 'x_Tm3_PriceChg': 'x_Tm3_PriceChg_c0', 'x_Tm1_PRoc1': 'x_Tm1_PRoc1_c4', 'x_Tm5_PriceChg': 'x_Tm5_PriceChg_c3', 'x_Tm7_PRoc1': 'x_Tm7_PRoc1_c4', 'y_Tp13_PriceChg': 'y_Tp13_PriceChg_c2'}",8.61066499300585e-10
206,"{'x_Tm1_PriceChg': 'x_Tm1_PriceChg_c2', 'x_Tm2_PriceChg': 'x_Tm2_PriceChg_c1', 'x_Tm3_PriceChg': 'x_Tm3_PriceChg_c2', 'x_Tm1_PRoc1': 'x_Tm1_PRoc1_c0', 'x_Tm5_PriceChg': 'x_Tm5_PriceChg_c1', 'x_Tm7_PRoc1': 'x_Tm7_PRoc1_c3', 'y_Tp13_PriceChg': 'y_Tp13_PriceChg_c1'}",7.15231859839683e-10
207,"{'x_Tm1_PriceChg': 'x_Tm1_PriceChg_c4', 'x_Tm2_PriceChg': 'x_Tm2_PriceChg_c2', 'x_Tm3_PriceChg': 'x_Tm3_PriceChg_c0', 'x_Tm1_PRoc1': 'x_Tm1_PRoc1_c4', 'x_Tm5_PriceChg': 'x_Tm5_PriceChg_c3', 'x_Tm7_PRoc1': 'x_Tm7_PRoc1_c4', 'y_Tp13_PriceChg': 'y_Tp13_PriceChg_c2'}",3.8607634756345834e-10
208,"{'x_Tm1_PriceChg': 'x_Tm1_PriceChg_c1', 'x_Tm2_PriceChg': 'x_Tm2_PriceChg_c1', 'x_Tm3_PriceChg': 'x_Tm3_PriceChg_c2', 'x_Tm1_PRoc1': 'x_Tm1_PRoc1_c0', 'x_Tm5_PriceChg': 'x_Tm5_PriceChg_c2', 'x_Tm7_PRoc1': 'x_Tm7_PRoc1_c0', 'y_Tp13_PriceChg': 'y_Tp13_PriceChg_c1'}",3.4452123806075426e-10
209,"{'x_Tm1_PriceChg': 'x_Tm1_PriceChg_c3', 'x_Tm2_PriceChg': 'x_Tm2_PriceChg_c2', 'x_Tm3_PriceChg': 'x_Tm3_PriceChg_c0', 'x_Tm1_PRoc1': 'x_Tm1_PRoc1_c3', 'x_Tm5_PriceChg': 'x_Tm5_PriceChg_c4', 'x_Tm7_PRoc1': 'x_Tm7_PRoc1_c3', 'y_Tp13_PriceChg': 'y_Tp13_PriceChg_c2'}",2.659228212914091e-11
210,"{'x_Tm1_PriceChg': 'x_Tm1_PriceChg_c3', 'x_Tm2_PriceChg': 'x_Tm2_PriceChg_c2', 'x_Tm3_PriceChg': 'x_Tm3_PriceChg_c4', 'x_Tm1_PRoc1': 'x_Tm1_PRoc1_c3', 'x_Tm5_PriceChg': 'x_Tm5_PriceChg_c3', 'x_Tm7_PRoc1': 'x_Tm7_PRoc1_c4', 'y_Tp13_PriceChg': 'y_Tp13_PriceChg_c1'}",1.1839703513663443e-11
211,"{'x_Tm1_PriceChg': 'x_Tm1_PriceChg_c3', 'x_Tm2_PriceChg': 'x_Tm2_PriceChg_c2', 'x_Tm3_PriceChg': 'x_Tm3_PriceChg_c4', 'x_Tm1_PRoc1': 'x_Tm1_PRoc1_c4', 'x_Tm5_PriceChg': 'x_Tm5_PriceChg_c2', 'x_Tm7_PRoc1': 'x_Tm7_PRoc1_c2', 'y_Tp13_PriceChg': 'y_Tp13_PriceChg_c2'}",9.883041614489557e-12
212,"{'x_Tm1_PriceChg': 'x_Tm1_PriceChg_c2', 'x_Tm2_PriceChg': 'x_Tm2_PriceChg_c2', 'x_Tm3_PriceChg': 'x_Tm3_PriceChg_c4', 'x_Tm1_PRoc1': 'x_Tm1_PRoc1_c0', 'x_Tm5_PriceChg': 'x_Tm5_PriceChg_c2', 'x_Tm7_PRoc1': 'x_Tm7_PRoc1_c3', 'y_Tp13_PriceChg': 'y_Tp13_PriceChg_c1'}",4.604060866361829e-12
213,"{'x_Tm1_PriceChg': 'x_Tm1_PriceChg_c3', 'x_Tm2_PriceChg': 'x_Tm2_PriceChg_c2', 'x_Tm3_PriceChg': 'x_Tm3_PriceChg_c4', 'x_Tm1_PRoc1': 'x_Tm1_PRoc1_c3', 'x_Tm5_PriceChg': 'x_Tm5_PriceChg_c3', 'x_Tm7_PRoc1': 'x_Tm7_PRoc1_c3', 'y_Tp13_PriceChg': 'y_Tp13_PriceChg_c1'}",4.595794998505126e-12
214,"{'x_Tm1_PriceChg': 'x_Tm1_PriceChg_c3', 'x_Tm2_PriceChg': 'x_Tm2_PriceChg_c2', 'x_Tm3_PriceChg': 'x_Tm3_PriceChg_c0', 'x_Tm1_PRoc1': 'x_Tm1_PRoc1_c0', 'x_Tm5_PriceChg': 'x_Tm5_PriceChg_c2', 'x_Tm7_PRoc1': 'x_Tm7_PRoc1_c0', 'y_Tp13_PriceChg': 'y_Tp13_PriceChg_c2'}",2.7414760365366758e-12
215,"{'x_Tm1_PriceChg': 'x_Tm1_PriceChg_c3', 'x_Tm2_PriceChg': 'x_Tm2_PriceChg_c1', 'x_Tm3_PriceChg': 'x_Tm3_PriceChg_c3', 'x_Tm1_PRoc1': 'x_Tm1_PRoc1_c4', 'x_Tm5_PriceChg': 'x_Tm5_PriceChg_c3', 'x_Tm7_PRoc1': 'x_Tm7_PRoc1_c3', 'y_Tp13_PriceChg': 'y_Tp13_PriceChg_c2'}",2.7325060619282637e-12
