,rule,weight
0,"{'x_Tm1_PRoc1': 'x_Tm1_PRoc1_c2', 'x_Tm11_PRoc1': 'x_Tm11_PRoc1_c2', 'x_Tm2_VolChg': 'x_Tm2_VolChg_c1', 'x_Tm12_VolChg': 'x_Tm12_VolChg_c0', 'x_Tm2_PriceChg': 'x_Tm2_PriceChg_c2', 'x_Tm5_PriceChg': 'x_Tm5_PriceChg_c2', 'y_Tp13_PriceChg': 'Unnamed: 0'}",19786.27025897606
1,"{'x_Tm1_PRoc1': 'x_Tm1_PRoc1_c2', 'x_Tm11_PRoc1': 'x_Tm11_PRoc1_c2', 'x_Tm2_VolChg': 'x_Tm2_VolChg_c2', 'x_Tm12_VolChg': 'x_Tm12_VolChg_c0', 'x_Tm2_PriceChg': 'x_Tm2_PriceChg_c2', 'x_Tm5_PriceChg': 'x_Tm5_PriceChg_c2', 'y_Tp13_PriceChg': 'Unnamed: 0'}",9313.415604152635
2,"{'x_Tm1_PRoc1': 'x_Tm1_PRoc1_c2', 'x_Tm11_PRoc1': 'x_Tm11_PRoc1_c2', 'x_Tm2_VolChg': 'x_Tm2_VolChg_c3', 'x_Tm12_VolChg': 'x_Tm12_VolChg_c1', 'x_Tm2_PriceChg': 'x_Tm2_PriceChg_c2', 'x_Tm5_PriceChg': 'x_Tm5_PriceChg_c2', 'y_Tp13_PriceChg': 'Unnamed: 0'}",7795.837065789859
3,"{'x_Tm1_PRoc1': 'x_Tm1_PRoc1_c2', 'x_Tm11_PRoc1': 'x_Tm11_PRoc1_c2', 'x_Tm2_VolChg': 'x_Tm2_VolChg_c2', 'x_Tm12_VolChg': 'x_Tm12_VolChg_c2', 'x_Tm2_PriceChg': 'x_Tm2_PriceChg_c2', 'x_Tm5_PriceChg': 'x_Tm5_PriceChg_c2', 'y_Tp13_PriceChg': 'Unnamed: 0'}",6877.350656307285
4,"{'x_Tm1_PRoc1': 'x_Tm1_PRoc1_c2', 'x_Tm11_PRoc1': 'x_Tm11_PRoc1_c2', 'x_Tm2_VolChg': 'x_Tm2_VolChg_c0', 'x_Tm12_VolChg': 'x_Tm12_VolChg_c1', 'x_Tm2_PriceChg': 'x_Tm2_PriceChg_c2', 'x_Tm5_PriceChg': 'x_Tm5_PriceChg_c2', 'y_Tp13_PriceChg': 'Unnamed: 0'}",6851.234315479207
5,"{'x_Tm1_PRoc1': 'x_Tm1_PRoc1_c2', 'x_Tm11_PRoc1': 'x_Tm11_PRoc1_c2', 'x_Tm2_VolChg': 'x_Tm2_VolChg_c1', 'x_Tm12_VolChg': 'x_Tm12_VolChg_c1', 'x_Tm2_PriceChg': 'x_Tm2_PriceChg_c2', 'x_Tm5_PriceChg': 'x_Tm5_PriceChg_c2', 'y_Tp13_PriceChg': 'Unnamed: 0'}",6452.620867251551
6,"{'x_Tm1_PRoc1': 'x_Tm1_PRoc1_c2', 'x_Tm11_PRoc1': 'x_Tm11_PRoc1_c2', 'x_Tm2_VolChg': 'x_Tm2_VolChg_c3', 'x_Tm12_VolChg': 'x_Tm12_VolChg_c2', 'x_Tm2_PriceChg': 'x_Tm2_PriceChg_c2', 'x_Tm5_PriceChg': 'x_Tm5_PriceChg_c2', 'y_Tp13_PriceChg': 'Unnamed: 0'}",5075.840306432037
7,"{'x_Tm1_PRoc1': 'x_Tm1_PRoc1_c2', 'x_Tm11_PRoc1': 'x_Tm11_PRoc1_c2', 'x_Tm2_VolChg': 'x_Tm2_VolChg_c1', 'x_Tm12_VolChg': 'x_Tm12_VolChg_c3', 'x_Tm2_PriceChg': 'x_Tm2_PriceChg_c2', 'x_Tm5_PriceChg': 'x_Tm5_PriceChg_c2', 'y_Tp13_PriceChg': 'Unnamed: 0'}",4605.750019277019
8,"{'x_Tm1_PRoc1': 'x_Tm1_PRoc1_c2', 'x_Tm11_PRoc1': 'x_Tm11_PRoc1_c2', 'x_Tm2_VolChg': 'x_Tm2_VolChg_c6', 'x_Tm12_VolChg': 'x_Tm12_VolChg_c0', 'x_Tm2_PriceChg': 'x_Tm2_PriceChg_c2', 'x_Tm5_PriceChg': 'x_Tm5_PriceChg_c2', 'y_Tp13_PriceChg': 'Unnamed: 0'}",4211.627778208814
9,"{'x_Tm1_PRoc1': 'x_Tm1_PRoc1_c2', 'x_Tm11_PRoc1': 'x_Tm11_PRoc1_c2', 'x_Tm2_VolChg': 'x_Tm2_VolChg_c0', 'x_Tm12_VolChg': 'x_Tm12_VolChg_c4', 'x_Tm2_PriceChg': 'x_Tm2_PriceChg_c2', 'x_Tm5_PriceChg': 'x_Tm5_PriceChg_c2', 'y_Tp13_PriceChg': 'Unnamed: 0'}",4185.455486100981
10,"{'x_Tm1_PRoc1': 'x_Tm1_PRoc1_c2', 'x_Tm11_PRoc1': 'x_Tm11_PRoc1_c2', 'x_Tm2_VolChg': 'x_Tm2_VolChg_c0', 'x_Tm12_VolChg': 'x_Tm12_VolChg_c3', 'x_Tm2_PriceChg': 'x_Tm2_PriceChg_c2', 'x_Tm5_PriceChg': 'x_Tm5_PriceChg_c2', 'y_Tp13_PriceChg': 'Unnamed: 0'}",3722.3800473721763
11,"{'x_Tm1_PRoc1': 'x_Tm1_PRoc1_c2', 'x_Tm11_PRoc1': 'x_Tm11_PRoc1_c2', 'x_Tm2_VolChg': 'x_Tm2_VolChg_c0', 'x_Tm12_VolChg': 'x_Tm12_VolChg_c0', 'x_Tm2_PriceChg': 'x_Tm2_PriceChg_c2', 'x_Tm5_PriceChg': 'x_Tm5_PriceChg_c2', 'y_Tp13_PriceChg': 'Unnamed: 0'}",3641.378675352233
12,"{'x_Tm1_PRoc1': 'x_Tm1_PRoc1_c2', 'x_Tm11_PRoc1': 'x_Tm11_PRoc1_c2', 'x_Tm2_VolChg': 'x_Tm2_VolChg_c2', 'x_Tm12_VolChg': 'x_Tm12_VolChg_c6', 'x_Tm2_PriceChg': 'x_Tm2_PriceChg_c2', 'x_Tm5_PriceChg': 'x_Tm5_PriceChg_c2', 'y_Tp13_PriceChg': 'Unnamed: 0'}",3459.6974431261406
13,"{'x_Tm1_PRoc1': 'x_Tm1_PRoc1_c2', 'x_Tm11_PRoc1': 'x_Tm11_PRoc1_c2', 'x_Tm2_VolChg': 'x_Tm2_VolChg_c3', 'x_Tm12_VolChg': 'x_Tm12_VolChg_c1', 'x_Tm2_PriceChg': 'x_Tm2_PriceChg_c3', 'x_Tm5_PriceChg': 'x_Tm5_PriceChg_c2', 'y_Tp13_PriceChg': 'Unnamed: 0'}",3350.265911139259
14,"{'x_Tm1_PRoc1': 'x_Tm1_PRoc1_c3', 'x_Tm11_PRoc1': 'x_Tm11_PRoc1_c2', 'x_Tm2_VolChg': 'x_Tm2_VolChg_c3', 'x_Tm12_VolChg': 'x_Tm12_VolChg_c0', 'x_Tm2_PriceChg': 'x_Tm2_PriceChg_c2', 'x_Tm5_PriceChg': 'x_Tm5_PriceChg_c2', 'y_Tp13_PriceChg': 'Unnamed: 0'}",3223.811239094869
15,"{'x_Tm1_PRoc1': 'x_Tm1_PRoc1_c2', 'x_Tm11_PRoc1': 'x_Tm11_PRoc1_c3', 'x_Tm2_VolChg': 'x_Tm2_VolChg_c1', 'x_Tm12_VolChg': 'x_Tm12_VolChg_c6', 'x_Tm2_PriceChg': 'x_Tm2_PriceChg_c2', 'x_Tm5_PriceChg': 'x_Tm5_PriceChg_c2', 'y_Tp13_PriceChg': 'Unnamed: 0'}",2892.880528174095
16,"{'x_Tm1_PRoc1': 'x_Tm1_PRoc1_c2', 'x_Tm11_PRoc1': 'x_Tm11_PRoc1_c2', 'x_Tm2_VolChg': 'x_Tm2_VolChg_c3', 'x_Tm12_VolChg': 'x_Tm12_VolChg_c4', 'x_Tm2_PriceChg': 'x_Tm2_PriceChg_c2', 'x_Tm5_PriceChg': 'x_Tm5_PriceChg_c2', 'y_Tp13_PriceChg': 'Unnamed: 0'}",2869.489602924413
17,"{'x_Tm1_PRoc1': 'x_Tm1_PRoc1_c2', 'x_Tm11_PRoc1': 'x_Tm11_PRoc1_c2', 'x_Tm2_VolChg': 'x_Tm2_VolChg_c0', 'x_Tm12_VolChg': 'x_Tm12_VolChg_c2', 'x_Tm2_PriceChg': 'x_Tm2_PriceChg_c2', 'x_Tm5_PriceChg': 'x_Tm5_PriceChg_c2', 'y_Tp13_PriceChg': 'Unnamed: 0'}",2864.0936311406667
18,"{'x_Tm1_PRoc1': 'x_Tm1_PRoc1_c2', 'x_Tm11_PRoc1': 'x_Tm11_PRoc1_c2', 'x_Tm2_VolChg': 'x_Tm2_VolChg_c1', 'x_Tm12_VolChg': 'x_Tm12_VolChg_c2', 'x_Tm2_PriceChg': 'x_Tm2_PriceChg_c2', 'x_Tm5_PriceChg': 'x_Tm5_PriceChg_c2', 'y_Tp13_PriceChg': 'Unnamed: 0'}",2702.232452528139
19,"{'x_Tm1_PRoc1': 'x_Tm1_PRoc1_c2', 'x_Tm11_PRoc1': 'x_Tm11_PRoc1_c2', 'x_Tm2_VolChg': 'x_Tm2_VolChg_c1', 'x_Tm12_VolChg': 'x_Tm12_VolChg_c1', 'x_Tm2_PriceChg': 'x_Tm2_PriceChg_c3', 'x_Tm5_PriceChg': 'x_Tm5_PriceChg_c2', 'y_Tp13_PriceChg': 'Unnamed: 0'}",2585.278760615582
20,"{'x_Tm1_PRoc1': 'x_Tm1_PRoc1_c2', 'x_Tm11_PRoc1': 'x_Tm11_PRoc1_c2', 'x_Tm2_VolChg': 'x_Tm2_VolChg_c3', 'x_Tm12_VolChg': 'x_Tm12_VolChg_c5', 'x_Tm2_PriceChg': 'x_Tm2_PriceChg_c2', 'x_Tm5_PriceChg': 'x_Tm5_PriceChg_c2', 'y_Tp13_PriceChg': 'Unnamed: 0'}",2584.915713474141
21,"{'x_Tm1_PRoc1': 'x_Tm1_PRoc1_c2', 'x_Tm11_PRoc1': 'x_Tm11_PRoc1_c2', 'x_Tm2_VolChg': 'x_Tm2_VolChg_c4', 'x_Tm12_VolChg': 'x_Tm12_VolChg_c5', 'x_Tm2_PriceChg': 'x_Tm2_PriceChg_c2', 'x_Tm5_PriceChg': 'x_Tm5_PriceChg_c2', 'y_Tp13_PriceChg': 'Unnamed: 0'}",2154.3174003855884
22,"{'x_Tm1_PRoc1': 'x_Tm1_PRoc1_c2', 'x_Tm11_PRoc1': 'x_Tm11_PRoc1_c2', 'x_Tm2_VolChg': 'x_Tm2_VolChg_c1', 'x_Tm12_VolChg': 'x_Tm12_VolChg_c0', 'x_Tm2_PriceChg': 'x_Tm2_PriceChg_c3', 'x_Tm5_PriceChg': 'x_Tm5_PriceChg_c2', 'y_Tp13_PriceChg': 'Unnamed: 0'}",2018.9366329425648
23,"{'x_Tm1_PRoc1': 'x_Tm1_PRoc1_c2', 'x_Tm11_PRoc1': 'x_Tm11_PRoc1_c2', 'x_Tm2_VolChg': 'x_Tm2_VolChg_c6', 'x_Tm12_VolChg': 'x_Tm12_VolChg_c1', 'x_Tm2_PriceChg': 'x_Tm2_PriceChg_c2', 'x_Tm5_PriceChg': 'x_Tm5_PriceChg_c2', 'y_Tp13_PriceChg': 'Unnamed: 0'}",2014.6467592475267
24,"{'x_Tm1_PRoc1': 'x_Tm1_PRoc1_c2', 'x_Tm11_PRoc1': 'x_Tm11_PRoc1_c2', 'x_Tm2_VolChg': 'x_Tm2_VolChg_c6', 'x_Tm12_VolChg': 'x_Tm12_VolChg_c0', 'x_Tm2_PriceChg': 'x_Tm2_PriceChg_c3', 'x_Tm5_PriceChg': 'x_Tm5_PriceChg_c2', 'y_Tp13_PriceChg': 'Unnamed: 0'}",1923.137379475655
25,"{'x_Tm1_PRoc1': 'x_Tm1_PRoc1_c2', 'x_Tm11_PRoc1': 'x_Tm11_PRoc1_c2', 'x_Tm2_VolChg': 'x_Tm2_VolChg_c2', 'x_Tm12_VolChg': 'x_Tm12_VolChg_c5', 'x_Tm2_PriceChg': 'x_Tm2_PriceChg_c2', 'x_Tm5_PriceChg': 'x_Tm5_PriceChg_c2', 'y_Tp13_PriceChg': 'Unnamed: 0'}",1921.268616983873
26,"{'x_Tm1_PRoc1': 'x_Tm1_PRoc1_c2', 'x_Tm11_PRoc1': 'x_Tm11_PRoc1_c2', 'x_Tm2_VolChg': 'x_Tm2_VolChg_c6', 'x_Tm12_VolChg': 'x_Tm12_VolChg_c3', 'x_Tm2_PriceChg': 'x_Tm2_PriceChg_c2', 'x_Tm5_PriceChg': 'x_Tm5_PriceChg_c2', 'y_Tp13_PriceChg': 'Unnamed: 0'}",1774.4779080693008
27,"{'x_Tm1_PRoc1': 'x_Tm1_PRoc1_c2', 'x_Tm11_PRoc1': 'x_Tm11_PRoc1_c3', 'x_Tm2_VolChg': 'x_Tm2_VolChg_c0', 'x_Tm12_VolChg': 'x_Tm12_VolChg_c0', 'x_Tm2_PriceChg': 'x_Tm2_PriceChg_c3', 'x_Tm5_PriceChg': 'x_Tm5_PriceChg_c2', 'y_Tp13_PriceChg': 'Unnamed: 0'}",1642.3065732721784
28,"{'x_Tm1_PRoc1': 'x_Tm1_PRoc1_c2', 'x_Tm11_PRoc1': 'x_Tm11_PRoc1_c2', 'x_Tm2_VolChg': 'x_Tm2_VolChg_c4', 'x_Tm12_VolChg': 'x_Tm12_VolChg_c6', 'x_Tm2_PriceChg': 'x_Tm2_PriceChg_c3', 'x_Tm5_PriceChg': 'x_Tm5_PriceChg_c2', 'y_Tp13_PriceChg': 'Unnamed: 0'}",1635.5133388322024
29,"{'x_Tm1_PRoc1': 'x_Tm1_PRoc1_c3', 'x_Tm11_PRoc1': 'x_Tm11_PRoc1_c2', 'x_Tm2_VolChg': 'x_Tm2_VolChg_c3', 'x_Tm12_VolChg': 'x_Tm12_VolChg_c1', 'x_Tm2_PriceChg': 'x_Tm2_PriceChg_c2', 'x_Tm5_PriceChg': 'x_Tm5_PriceChg_c2', 'y_Tp13_PriceChg': 'Unnamed: 0'}",1591.0873865280048
30,"{'x_Tm1_PRoc1': 'x_Tm1_PRoc1_c2', 'x_Tm11_PRoc1': 'x_Tm11_PRoc1_c2', 'x_Tm2_VolChg': 'x_Tm2_VolChg_c2', 'x_Tm12_VolChg': 'x_Tm12_VolChg_c1', 'x_Tm2_PriceChg': 'x_Tm2_PriceChg_c2', 'x_Tm5_PriceChg': 'x_Tm5_PriceChg_c2', 'y_Tp13_PriceChg': 'Unnamed: 0'}",1472.6201492182356
31,"{'x_Tm1_PRoc1': 'x_Tm1_PRoc1_c2', 'x_Tm11_PRoc1': 'x_Tm11_PRoc1_c2', 'x_Tm2_VolChg': 'x_Tm2_VolChg_c5', 'x_Tm12_VolChg': 'x_Tm12_VolChg_c0', 'x_Tm2_PriceChg': 'x_Tm2_PriceChg_c2', 'x_Tm5_PriceChg': 'x_Tm5_PriceChg_c2', 'y_Tp13_PriceChg': 'Unnamed: 0'}",1364.5049297274356
32,"{'x_Tm1_PRoc1': 'x_Tm1_PRoc1_c2', 'x_Tm11_PRoc1': 'x_Tm11_PRoc1_c2', 'x_Tm2_VolChg': 'x_Tm2_VolChg_c4', 'x_Tm12_VolChg': 'x_Tm12_VolChg_c3', 'x_Tm2_PriceChg': 'x_Tm2_PriceChg_c2', 'x_Tm5_PriceChg': 'x_Tm5_PriceChg_c2', 'y_Tp13_PriceChg': 'Unnamed: 0'}",1250.9318265531172
33,"{'x_Tm1_PRoc1': 'x_Tm1_PRoc1_c2', 'x_Tm11_PRoc1': 'x_Tm11_PRoc1_c2', 'x_Tm2_VolChg': 'x_Tm2_VolChg_c4', 'x_Tm12_VolChg': 'x_Tm12_VolChg_c2', 'x_Tm2_PriceChg': 'x_Tm2_PriceChg_c3', 'x_Tm5_PriceChg': 'x_Tm5_PriceChg_c2', 'y_Tp13_PriceChg': 'Unnamed: 0'}",1173.8742524637826
34,"{'x_Tm1_PRoc1': 'x_Tm1_PRoc1_c2', 'x_Tm11_PRoc1': 'x_Tm11_PRoc1_c2', 'x_Tm2_VolChg': 'x_Tm2_VolChg_c3', 'x_Tm12_VolChg': 'x_Tm12_VolChg_c6', 'x_Tm2_PriceChg': 'x_Tm2_PriceChg_c2', 'x_Tm5_PriceChg': 'x_Tm5_PriceChg_c2', 'y_Tp13_PriceChg': 'Unnamed: 0'}",1019.4093817386371
35,"{'x_Tm1_PRoc1': 'x_Tm1_PRoc1_c2', 'x_Tm11_PRoc1': 'x_Tm11_PRoc1_c2', 'x_Tm2_VolChg': 'x_Tm2_VolChg_c5', 'x_Tm12_VolChg': 'x_Tm12_VolChg_c2', 'x_Tm2_PriceChg': 'x_Tm2_PriceChg_c2', 'x_Tm5_PriceChg': 'x_Tm5_PriceChg_c2', 'y_Tp13_PriceChg': 'Unnamed: 0'}",982.1177202745013
36,"{'x_Tm1_PRoc1': 'x_Tm1_PRoc1_c2', 'x_Tm11_PRoc1': 'x_Tm11_PRoc1_c2', 'x_Tm2_VolChg': 'x_Tm2_VolChg_c5', 'x_Tm12_VolChg': 'x_Tm12_VolChg_c1', 'x_Tm2_PriceChg': 'x_Tm2_PriceChg_c2', 'x_Tm5_PriceChg': 'x_Tm5_PriceChg_c2', 'y_Tp13_PriceChg': 'Unnamed: 0'}",950.7989248871282
37,"{'x_Tm1_PRoc1': 'x_Tm1_PRoc1_c2', 'x_Tm11_PRoc1': 'x_Tm11_PRoc1_c3', 'x_Tm2_VolChg': 'x_Tm2_VolChg_c2', 'x_Tm12_VolChg': 'x_Tm12_VolChg_c6', 'x_Tm2_PriceChg': 'x_Tm2_PriceChg_c2', 'x_Tm5_PriceChg': 'x_Tm5_PriceChg_c2', 'y_Tp13_PriceChg': 'Unnamed: 0'}",915.7277508409471
38,"{'x_Tm1_PRoc1': 'x_Tm1_PRoc1_c3', 'x_Tm11_PRoc1': 'x_Tm11_PRoc1_c2', 'x_Tm2_VolChg': 'x_Tm2_VolChg_c6', 'x_Tm12_VolChg': 'x_Tm12_VolChg_c2', 'x_Tm2_PriceChg': 'x_Tm2_PriceChg_c2', 'x_Tm5_PriceChg': 'x_Tm5_PriceChg_c2', 'y_Tp13_PriceChg': 'Unnamed: 0'}",891.8012987053016
39,"{'x_Tm1_PRoc1': 'x_Tm1_PRoc1_c2', 'x_Tm11_PRoc1': 'x_Tm11_PRoc1_c2', 'x_Tm2_VolChg': 'x_Tm2_VolChg_c4', 'x_Tm12_VolChg': 'x_Tm12_VolChg_c0', 'x_Tm2_PriceChg': 'x_Tm2_PriceChg_c2', 'x_Tm5_PriceChg': 'x_Tm5_PriceChg_c2', 'y_Tp13_PriceChg': 'Unnamed: 0'}",879.8692863112756
40,"{'x_Tm1_PRoc1': 'x_Tm1_PRoc1_c2', 'x_Tm11_PRoc1': 'x_Tm11_PRoc1_c2', 'x_Tm2_VolChg': 'x_Tm2_VolChg_c5', 'x_Tm12_VolChg': 'x_Tm12_VolChg_c3', 'x_Tm2_PriceChg': 'x_Tm2_PriceChg_c2', 'x_Tm5_PriceChg': 'x_Tm5_PriceChg_c2', 'y_Tp13_PriceChg': 'Unnamed: 0'}",844.6590850196957
41,"{'x_Tm1_PRoc1': 'x_Tm1_PRoc1_c2', 'x_Tm11_PRoc1': 'x_Tm11_PRoc1_c2', 'x_Tm2_VolChg': 'x_Tm2_VolChg_c3', 'x_Tm12_VolChg': 'x_Tm12_VolChg_c0', 'x_Tm2_PriceChg': 'x_Tm2_PriceChg_c2', 'x_Tm5_PriceChg': 'x_Tm5_PriceChg_c2', 'y_Tp13_PriceChg': 'Unnamed: 0'}",689.758020323231
42,"{'x_Tm1_PRoc1': 'x_Tm1_PRoc1_c2', 'x_Tm11_PRoc1': 'x_Tm11_PRoc1_c2', 'x_Tm2_VolChg': 'x_Tm2_VolChg_c2', 'x_Tm12_VolChg': 'x_Tm12_VolChg_c0', 'x_Tm2_PriceChg': 'x_Tm2_PriceChg_c1', 'x_Tm5_PriceChg': 'x_Tm5_PriceChg_c2', 'y_Tp13_PriceChg': 'Unnamed: 0'}",680.9182900240917
43,"{'x_Tm1_PRoc1': 'x_Tm1_PRoc1_c2', 'x_Tm11_PRoc1': 'x_Tm11_PRoc1_c2', 'x_Tm2_VolChg': 'x_Tm2_VolChg_c1', 'x_Tm12_VolChg': 'x_Tm12_VolChg_c6', 'x_Tm2_PriceChg': 'x_Tm2_PriceChg_c2', 'x_Tm5_PriceChg': 'x_Tm5_PriceChg_c2', 'y_Tp13_PriceChg': 'Unnamed: 0'}",626.2887690734949
44,"{'x_Tm1_PRoc1': 'x_Tm1_PRoc1_c2', 'x_Tm11_PRoc1': 'x_Tm11_PRoc1_c2', 'x_Tm2_VolChg': 'x_Tm2_VolChg_c4', 'x_Tm12_VolChg': 'x_Tm12_VolChg_c1', 'x_Tm2_PriceChg': 'x_Tm2_PriceChg_c2', 'x_Tm5_PriceChg': 'x_Tm5_PriceChg_c2', 'y_Tp13_PriceChg': 'Unnamed: 0'}",544.1910945705952
45,"{'x_Tm1_PRoc1': 'x_Tm1_PRoc1_c2', 'x_Tm11_PRoc1': 'x_Tm11_PRoc1_c2', 'x_Tm2_VolChg': 'x_Tm2_VolChg_c5', 'x_Tm12_VolChg': 'x_Tm12_VolChg_c5', 'x_Tm2_PriceChg': 'x_Tm2_PriceChg_c2', 'x_Tm5_PriceChg': 'x_Tm5_PriceChg_c2', 'y_Tp13_PriceChg': 'Unnamed: 0'}",505.9052743432787
46,"{'x_Tm1_PRoc1': 'x_Tm1_PRoc1_c2', 'x_Tm11_PRoc1': 'x_Tm11_PRoc1_c2', 'x_Tm2_VolChg': 'x_Tm2_VolChg_c6', 'x_Tm12_VolChg': 'x_Tm12_VolChg_c4', 'x_Tm2_PriceChg': 'x_Tm2_PriceChg_c3', 'x_Tm5_PriceChg': 'x_Tm5_PriceChg_c2', 'y_Tp13_PriceChg': 'Unnamed: 0'}",452.9641239381426
47,"{'x_Tm1_PRoc1': 'x_Tm1_PRoc1_c2', 'x_Tm11_PRoc1': 'x_Tm11_PRoc1_c2', 'x_Tm2_VolChg': 'x_Tm2_VolChg_c2', 'x_Tm12_VolChg': 'x_Tm12_VolChg_c3', 'x_Tm2_PriceChg': 'x_Tm2_PriceChg_c2', 'x_Tm5_PriceChg': 'x_Tm5_PriceChg_c2', 'y_Tp13_PriceChg': 'Unnamed: 0'}",450.3464566871089
48,"{'x_Tm1_PRoc1': 'x_Tm1_PRoc1_c2', 'x_Tm11_PRoc1': 'x_Tm11_PRoc1_c2', 'x_Tm2_VolChg': 'x_Tm2_VolChg_c0', 'x_Tm12_VolChg': 'x_Tm12_VolChg_c1', 'x_Tm2_PriceChg': 'x_Tm2_PriceChg_c3', 'x_Tm5_PriceChg': 'x_Tm5_PriceChg_c2', 'y_Tp13_PriceChg': 'Unnamed: 0'}",317.2317149132863
49,"{'x_Tm1_PRoc1': 'x_Tm1_PRoc1_c2', 'x_Tm11_PRoc1': 'x_Tm11_PRoc1_c2', 'x_Tm2_VolChg': 'x_Tm2_VolChg_c4', 'x_Tm12_VolChg': 'x_Tm12_VolChg_c6', 'x_Tm2_PriceChg': 'x_Tm2_PriceChg_c2', 'x_Tm5_PriceChg': 'x_Tm5_PriceChg_c2', 'y_Tp13_PriceChg': 'Unnamed: 0'}",303.4691912986421
50,"{'x_Tm1_PRoc1': 'x_Tm1_PRoc1_c2', 'x_Tm11_PRoc1': 'x_Tm11_PRoc1_c2', 'x_Tm2_VolChg': 'x_Tm2_VolChg_c6', 'x_Tm12_VolChg': 'x_Tm12_VolChg_c4', 'x_Tm2_PriceChg': 'x_Tm2_PriceChg_c2', 'x_Tm5_PriceChg': 'x_Tm5_PriceChg_c2', 'y_Tp13_PriceChg': 'Unnamed: 0'}",297.05871393742973
51,"{'x_Tm1_PRoc1': 'x_Tm1_PRoc1_c2', 'x_Tm11_PRoc1': 'x_Tm11_PRoc1_c2', 'x_Tm2_VolChg': 'x_Tm2_VolChg_c0', 'x_Tm12_VolChg': 'x_Tm12_VolChg_c6', 'x_Tm2_PriceChg': 'x_Tm2_PriceChg_c2', 'x_Tm5_PriceChg': 'x_Tm5_PriceChg_c2', 'y_Tp13_PriceChg': 'Unnamed: 0'}",281.17263270195235
52,"{'x_Tm1_PRoc1': 'x_Tm1_PRoc1_c2', 'x_Tm11_PRoc1': 'x_Tm11_PRoc1_c3', 'x_Tm2_VolChg': 'x_Tm2_VolChg_c1', 'x_Tm12_VolChg': 'x_Tm12_VolChg_c0', 'x_Tm2_PriceChg': 'x_Tm2_PriceChg_c3', 'x_Tm5_PriceChg': 'x_Tm5_PriceChg_c2', 'y_Tp13_PriceChg': 'Unnamed: 0'}",280.11641578976906
53,"{'x_Tm1_PRoc1': 'x_Tm1_PRoc1_c2', 'x_Tm11_PRoc1': 'x_Tm11_PRoc1_c2', 'x_Tm2_VolChg': 'x_Tm2_VolChg_c2', 'x_Tm12_VolChg': 'x_Tm12_VolChg_c0', 'x_Tm2_PriceChg': 'x_Tm2_PriceChg_c3', 'x_Tm5_PriceChg': 'x_Tm5_PriceChg_c2', 'y_Tp13_PriceChg': 'Unnamed: 0'}",278.00754333922305
54,"{'x_Tm1_PRoc1': 'x_Tm1_PRoc1_c2', 'x_Tm11_PRoc1': 'x_Tm11_PRoc1_c2', 'x_Tm2_VolChg': 'x_Tm2_VolChg_c6', 'x_Tm12_VolChg': 'x_Tm12_VolChg_c2', 'x_Tm2_PriceChg': 'x_Tm2_PriceChg_c2', 'x_Tm5_PriceChg': 'x_Tm5_PriceChg_c2', 'y_Tp13_PriceChg': 'Unnamed: 0'}",257.0076268139499
55,"{'x_Tm1_PRoc1': 'x_Tm1_PRoc1_c2', 'x_Tm11_PRoc1': 'x_Tm11_PRoc1_c3', 'x_Tm2_VolChg': 'x_Tm2_VolChg_c1', 'x_Tm12_VolChg': 'x_Tm12_VolChg_c2', 'x_Tm2_PriceChg': 'x_Tm2_PriceChg_c2', 'x_Tm5_PriceChg': 'x_Tm5_PriceChg_c2', 'y_Tp13_PriceChg': 'Unnamed: 0'}",251.0532929240624
56,"{'x_Tm1_PRoc1': 'x_Tm1_PRoc1_c3', 'x_Tm11_PRoc1': 'x_Tm11_PRoc1_c2', 'x_Tm2_VolChg': 'x_Tm2_VolChg_c0', 'x_Tm12_VolChg': 'x_Tm12_VolChg_c0', 'x_Tm2_PriceChg': 'x_Tm2_PriceChg_c2', 'x_Tm5_PriceChg': 'x_Tm5_PriceChg_c2', 'y_Tp13_PriceChg': 'Unnamed: 0'}",233.37129880640774
57,"{'x_Tm1_PRoc1': 'x_Tm1_PRoc1_c2', 'x_Tm11_PRoc1': 'x_Tm11_PRoc1_c2', 'x_Tm2_VolChg': 'x_Tm2_VolChg_c5', 'x_Tm12_VolChg': 'x_Tm12_VolChg_c4', 'x_Tm2_PriceChg': 'x_Tm2_PriceChg_c2', 'x_Tm5_PriceChg': 'x_Tm5_PriceChg_c2', 'y_Tp13_PriceChg': 'Unnamed: 0'}",205.05620857483743
58,"{'x_Tm1_PRoc1': 'x_Tm1_PRoc1_c2', 'x_Tm11_PRoc1': 'x_Tm11_PRoc1_c2', 'x_Tm2_VolChg': 'x_Tm2_VolChg_c3', 'x_Tm12_VolChg': 'x_Tm12_VolChg_c3', 'x_Tm2_PriceChg': 'x_Tm2_PriceChg_c3', 'x_Tm5_PriceChg': 'x_Tm5_PriceChg_c2', 'y_Tp13_PriceChg': 'Unnamed: 0'}",187.9069055188816
59,"{'x_Tm1_PRoc1': 'x_Tm1_PRoc1_c2', 'x_Tm11_PRoc1': 'x_Tm11_PRoc1_c2', 'x_Tm2_VolChg': 'x_Tm2_VolChg_c1', 'x_Tm12_VolChg': 'x_Tm12_VolChg_c3', 'x_Tm2_PriceChg': 'x_Tm2_PriceChg_c3', 'x_Tm5_PriceChg': 'x_Tm5_PriceChg_c3', 'y_Tp13_PriceChg': 'Unnamed: 0'}",173.13550254209613
60,"{'x_Tm1_PRoc1': 'x_Tm1_PRoc1_c2', 'x_Tm11_PRoc1': 'x_Tm11_PRoc1_c2', 'x_Tm2_VolChg': 'x_Tm2_VolChg_c3', 'x_Tm12_VolChg': 'x_Tm12_VolChg_c3', 'x_Tm2_PriceChg': 'x_Tm2_PriceChg_c2', 'x_Tm5_PriceChg': 'x_Tm5_PriceChg_c2', 'y_Tp13_PriceChg': 'Unnamed: 0'}",125.26099909747788
61,"{'x_Tm1_PRoc1': 'x_Tm1_PRoc1_c2', 'x_Tm11_PRoc1': 'x_Tm11_PRoc1_c2', 'x_Tm2_VolChg': 'x_Tm2_VolChg_c4', 'x_Tm12_VolChg': 'x_Tm12_VolChg_c0', 'x_Tm2_PriceChg': 'x_Tm2_PriceChg_c3', 'x_Tm5_PriceChg': 'x_Tm5_PriceChg_c2', 'y_Tp13_PriceChg': 'Unnamed: 0'}",123.11457251287501
62,"{'x_Tm1_PRoc1': 'x_Tm1_PRoc1_c2', 'x_Tm11_PRoc1': 'x_Tm11_PRoc1_c2', 'x_Tm2_VolChg': 'x_Tm2_VolChg_c0', 'x_Tm12_VolChg': 'x_Tm12_VolChg_c3', 'x_Tm2_PriceChg': 'x_Tm2_PriceChg_c3', 'x_Tm5_PriceChg': 'x_Tm5_PriceChg_c3', 'y_Tp13_PriceChg': 'Unnamed: 0'}",115.10844329434137
63,"{'x_Tm1_PRoc1': 'x_Tm1_PRoc1_c2', 'x_Tm11_PRoc1': 'x_Tm11_PRoc1_c3', 'x_Tm2_VolChg': 'x_Tm2_VolChg_c1', 'x_Tm12_VolChg': 'x_Tm12_VolChg_c3', 'x_Tm2_PriceChg': 'x_Tm2_PriceChg_c2', 'x_Tm5_PriceChg': 'x_Tm5_PriceChg_c2', 'y_Tp13_PriceChg': 'Unnamed: 0'}",111.95420027732638
64,"{'x_Tm1_PRoc1': 'x_Tm1_PRoc1_c2', 'x_Tm11_PRoc1': 'x_Tm11_PRoc1_c2', 'x_Tm2_VolChg': 'x_Tm2_VolChg_c0', 'x_Tm12_VolChg': 'x_Tm12_VolChg_c2', 'x_Tm2_PriceChg': 'x_Tm2_PriceChg_c3', 'x_Tm5_PriceChg': 'x_Tm5_PriceChg_c3', 'y_Tp13_PriceChg': 'Unnamed: 0'}",106.64666043289405
65,"{'x_Tm1_PRoc1': 'x_Tm1_PRoc1_c2', 'x_Tm11_PRoc1': 'x_Tm11_PRoc1_c2', 'x_Tm2_VolChg': 'x_Tm2_VolChg_c2', 'x_Tm12_VolChg': 'x_Tm12_VolChg_c1', 'x_Tm2_PriceChg': 'x_Tm2_PriceChg_c3', 'x_Tm5_PriceChg': 'x_Tm5_PriceChg_c2', 'y_Tp13_PriceChg': 'Unnamed: 0'}",105.43158748041533
66,"{'x_Tm1_PRoc1': 'x_Tm1_PRoc1_c2', 'x_Tm11_PRoc1': 'x_Tm11_PRoc1_c2', 'x_Tm2_VolChg': 'x_Tm2_VolChg_c0', 'x_Tm12_VolChg': 'x_Tm12_VolChg_c0', 'x_Tm2_PriceChg': 'x_Tm2_PriceChg_c3', 'x_Tm5_PriceChg': 'x_Tm5_PriceChg_c3', 'y_Tp13_PriceChg': 'Unnamed: 0'}",102.92946703197818
67,"{'x_Tm1_PRoc1': 'x_Tm1_PRoc1_c2', 'x_Tm11_PRoc1': 'x_Tm11_PRoc1_c3', 'x_Tm2_VolChg': 'x_Tm2_VolChg_c0', 'x_Tm12_VolChg': 'x_Tm12_VolChg_c6', 'x_Tm2_PriceChg': 'x_Tm2_PriceChg_c3', 'x_Tm5_PriceChg': 'x_Tm5_PriceChg_c3', 'y_Tp13_PriceChg': 'Unnamed: 0'}",100.9119632873308
68,"{'x_Tm1_PRoc1': 'x_Tm1_PRoc1_c3', 'x_Tm11_PRoc1': 'x_Tm11_PRoc1_c2', 'x_Tm2_VolChg': 'x_Tm2_VolChg_c6', 'x_Tm12_VolChg': 'x_Tm12_VolChg_c0', 'x_Tm2_PriceChg': 'x_Tm2_PriceChg_c3', 'x_Tm5_PriceChg': 'x_Tm5_PriceChg_c2', 'y_Tp13_PriceChg': 'Unnamed: 0'}",96.9173502492316
69,"{'x_Tm1_PRoc1': 'x_Tm1_PRoc1_c3', 'x_Tm11_PRoc1': 'x_Tm11_PRoc1_c2', 'x_Tm2_VolChg': 'x_Tm2_VolChg_c1', 'x_Tm12_VolChg': 'x_Tm12_VolChg_c0', 'x_Tm2_PriceChg': 'x_Tm2_PriceChg_c3', 'x_Tm5_PriceChg': 'x_Tm5_PriceChg_c3', 'y_Tp13_PriceChg': 'Unnamed: 0'}",92.4109101524163
70,"{'x_Tm1_PRoc1': 'x_Tm1_PRoc1_c2', 'x_Tm11_PRoc1': 'x_Tm11_PRoc1_c2', 'x_Tm2_VolChg': 'x_Tm2_VolChg_c1', 'x_Tm12_VolChg': 'x_Tm12_VolChg_c5', 'x_Tm2_PriceChg': 'x_Tm2_PriceChg_c2', 'x_Tm5_PriceChg': 'x_Tm5_PriceChg_c2', 'y_Tp13_PriceChg': 'Unnamed: 0'}",92.34208825180069
71,"{'x_Tm1_PRoc1': 'x_Tm1_PRoc1_c2', 'x_Tm11_PRoc1': 'x_Tm11_PRoc1_c4', 'x_Tm2_VolChg': 'x_Tm2_VolChg_c0', 'x_Tm12_VolChg': 'x_Tm12_VolChg_c5', 'x_Tm2_PriceChg': 'x_Tm2_PriceChg_c3', 'x_Tm5_PriceChg': 'x_Tm5_PriceChg_c3', 'y_Tp13_PriceChg': 'Unnamed: 0'}",77.58749682843934
72,"{'x_Tm1_PRoc1': 'x_Tm1_PRoc1_c2', 'x_Tm11_PRoc1': 'x_Tm11_PRoc1_c2', 'x_Tm2_VolChg': 'x_Tm2_VolChg_c1', 'x_Tm12_VolChg': 'x_Tm12_VolChg_c0', 'x_Tm2_PriceChg': 'x_Tm2_PriceChg_c3', 'x_Tm5_PriceChg': 'x_Tm5_PriceChg_c3', 'y_Tp13_PriceChg': 'Unnamed: 0'}",70.89518374983062
73,"{'x_Tm1_PRoc1': 'x_Tm1_PRoc1_c2', 'x_Tm11_PRoc1': 'x_Tm11_PRoc1_c2', 'x_Tm2_VolChg': 'x_Tm2_VolChg_c3', 'x_Tm12_VolChg': 'x_Tm12_VolChg_c0', 'x_Tm2_PriceChg': 'x_Tm2_PriceChg_c4', 'x_Tm5_PriceChg': 'x_Tm5_PriceChg_c3', 'y_Tp13_PriceChg': 'Unnamed: 0'}",60.191131120526826
74,"{'x_Tm1_PRoc1': 'x_Tm1_PRoc1_c4', 'x_Tm11_PRoc1': 'x_Tm11_PRoc1_c2', 'x_Tm2_VolChg': 'x_Tm2_VolChg_c6', 'x_Tm12_VolChg': 'x_Tm12_VolChg_c0', 'x_Tm2_PriceChg': 'x_Tm2_PriceChg_c2', 'x_Tm5_PriceChg': 'x_Tm5_PriceChg_c2', 'y_Tp13_PriceChg': 'Unnamed: 0'}",58.99581722896286
75,"{'x_Tm1_PRoc1': 'x_Tm1_PRoc1_c2', 'x_Tm11_PRoc1': 'x_Tm11_PRoc1_c3', 'x_Tm2_VolChg': 'x_Tm2_VolChg_c0', 'x_Tm12_VolChg': 'x_Tm12_VolChg_c4', 'x_Tm2_PriceChg': 'x_Tm2_PriceChg_c2', 'x_Tm5_PriceChg': 'x_Tm5_PriceChg_c2', 'y_Tp13_PriceChg': 'Unnamed: 0'}",51.79621164602375
76,"{'x_Tm1_PRoc1': 'x_Tm1_PRoc1_c2', 'x_Tm11_PRoc1': 'x_Tm11_PRoc1_c2', 'x_Tm2_VolChg': 'x_Tm2_VolChg_c1', 'x_Tm12_VolChg': 'x_Tm12_VolChg_c6', 'x_Tm2_PriceChg': 'x_Tm2_PriceChg_c3', 'x_Tm5_PriceChg': 'x_Tm5_PriceChg_c2', 'y_Tp13_PriceChg': 'Unnamed: 0'}",46.9270352475251
77,"{'x_Tm1_PRoc1': 'x_Tm1_PRoc1_c2', 'x_Tm11_PRoc1': 'x_Tm11_PRoc1_c2', 'x_Tm2_VolChg': 'x_Tm2_VolChg_c2', 'x_Tm12_VolChg': 'x_Tm12_VolChg_c3', 'x_Tm2_PriceChg': 'x_Tm2_PriceChg_c3', 'x_Tm5_PriceChg': 'x_Tm5_PriceChg_c2', 'y_Tp13_PriceChg': 'Unnamed: 0'}",40.92869307043287
78,"{'x_Tm1_PRoc1': 'x_Tm1_PRoc1_c2', 'x_Tm11_PRoc1': 'x_Tm11_PRoc1_c2', 'x_Tm2_VolChg': 'x_Tm2_VolChg_c0', 'x_Tm12_VolChg': 'x_Tm12_VolChg_c5', 'x_Tm2_PriceChg': 'x_Tm2_PriceChg_c2', 'x_Tm5_PriceChg': 'x_Tm5_PriceChg_c2', 'y_Tp13_PriceChg': 'Unnamed: 0'}",39.48209519872683
79,"{'x_Tm1_PRoc1': 'x_Tm1_PRoc1_c2', 'x_Tm11_PRoc1': 'x_Tm11_PRoc1_c2', 'x_Tm2_VolChg': 'x_Tm2_VolChg_c1', 'x_Tm12_VolChg': 'x_Tm12_VolChg_c4', 'x_Tm2_PriceChg': 'x_Tm2_PriceChg_c2', 'x_Tm5_PriceChg': 'x_Tm5_PriceChg_c2', 'y_Tp13_PriceChg': 'Unnamed: 0'}",38.55810178936844
80,"{'x_Tm1_PRoc1': 'x_Tm1_PRoc1_c2', 'x_Tm11_PRoc1': 'x_Tm11_PRoc1_c2', 'x_Tm2_VolChg': 'x_Tm2_VolChg_c0', 'x_Tm12_VolChg': 'x_Tm12_VolChg_c0', 'x_Tm2_PriceChg': 'x_Tm2_PriceChg_c3', 'x_Tm5_PriceChg': 'x_Tm5_PriceChg_c2', 'y_Tp13_PriceChg': 'Unnamed: 0'}",35.71054405609678
81,"{'x_Tm1_PRoc1': 'x_Tm1_PRoc1_c2', 'x_Tm11_PRoc1': 'x_Tm11_PRoc1_c2', 'x_Tm2_VolChg': 'x_Tm2_VolChg_c3', 'x_Tm12_VolChg': 'x_Tm12_VolChg_c0', 'x_Tm2_PriceChg': 'x_Tm2_PriceChg_c3', 'x_Tm5_PriceChg': 'x_Tm5_PriceChg_c2', 'y_Tp13_PriceChg': 'Unnamed: 0'}",34.46084586118288
82,"{'x_Tm1_PRoc1': 'x_Tm1_PRoc1_c3', 'x_Tm11_PRoc1': 'x_Tm11_PRoc1_c2', 'x_Tm2_VolChg': 'x_Tm2_VolChg_c4', 'x_Tm12_VolChg': 'x_Tm12_VolChg_c2', 'x_Tm2_PriceChg': 'x_Tm2_PriceChg_c3', 'x_Tm5_PriceChg': 'x_Tm5_PriceChg_c2', 'y_Tp13_PriceChg': 'Unnamed: 0'}",32.382937354527975
83,"{'x_Tm1_PRoc1': 'x_Tm1_PRoc1_c2', 'x_Tm11_PRoc1': 'x_Tm11_PRoc1_c2', 'x_Tm2_VolChg': 'x_Tm2_VolChg_c5', 'x_Tm12_VolChg': 'x_Tm12_VolChg_c0', 'x_Tm2_PriceChg': 'x_Tm2_PriceChg_c3', 'x_Tm5_PriceChg': 'x_Tm5_PriceChg_c2', 'y_Tp13_PriceChg': 'Unnamed: 0'}",31.84522970135646
84,"{'x_Tm1_PRoc1': 'x_Tm1_PRoc1_c2', 'x_Tm11_PRoc1': 'x_Tm11_PRoc1_c2', 'x_Tm2_VolChg': 'x_Tm2_VolChg_c6', 'x_Tm12_VolChg': 'x_Tm12_VolChg_c5', 'x_Tm2_PriceChg': 'x_Tm2_PriceChg_c2', 'x_Tm5_PriceChg': 'x_Tm5_PriceChg_c2', 'y_Tp13_PriceChg': 'Unnamed: 0'}",26.25081314455664
85,"{'x_Tm1_PRoc1': 'x_Tm1_PRoc1_c2', 'x_Tm11_PRoc1': 'x_Tm11_PRoc1_c2', 'x_Tm2_VolChg': 'x_Tm2_VolChg_c3', 'x_Tm12_VolChg': 'x_Tm12_VolChg_c5', 'x_Tm2_PriceChg': 'x_Tm2_PriceChg_c1', 'x_Tm5_PriceChg': 'x_Tm5_PriceChg_c2', 'y_Tp13_PriceChg': 'Unnamed: 0'}",16.09412077653008
86,"{'x_Tm1_PRoc1': 'x_Tm1_PRoc1_c2', 'x_Tm11_PRoc1': 'x_Tm11_PRoc1_c2', 'x_Tm2_VolChg': 'x_Tm2_VolChg_c0', 'x_Tm12_VolChg': 'x_Tm12_VolChg_c6', 'x_Tm2_PriceChg': 'x_Tm2_PriceChg_c3', 'x_Tm5_PriceChg': 'x_Tm5_PriceChg_c2', 'y_Tp13_PriceChg': 'Unnamed: 0'}",14.89031798884349
87,"{'x_Tm1_PRoc1': 'x_Tm1_PRoc1_c2', 'x_Tm11_PRoc1': 'x_Tm11_PRoc1_c2', 'x_Tm2_VolChg': 'x_Tm2_VolChg_c6', 'x_Tm12_VolChg': 'x_Tm12_VolChg_c1', 'x_Tm2_PriceChg': 'x_Tm2_PriceChg_c3', 'x_Tm5_PriceChg': 'x_Tm5_PriceChg_c2', 'y_Tp13_PriceChg': 'Unnamed: 0'}",14.651639585503567
88,"{'x_Tm1_PRoc1': 'x_Tm1_PRoc1_c2', 'x_Tm11_PRoc1': 'x_Tm11_PRoc1_c2', 'x_Tm2_VolChg': 'x_Tm2_VolChg_c6', 'x_Tm12_VolChg': 'x_Tm12_VolChg_c5', 'x_Tm2_PriceChg': 'x_Tm2_PriceChg_c1', 'x_Tm5_PriceChg': 'x_Tm5_PriceChg_c2', 'y_Tp13_PriceChg': 'Unnamed: 0'}",14.624669404199707
89,"{'x_Tm1_PRoc1': 'x_Tm1_PRoc1_c2', 'x_Tm11_PRoc1': 'x_Tm11_PRoc1_c2', 'x_Tm2_VolChg': 'x_Tm2_VolChg_c0', 'x_Tm12_VolChg': 'x_Tm12_VolChg_c4', 'x_Tm2_PriceChg': 'x_Tm2_PriceChg_c3', 'x_Tm5_PriceChg': 'x_Tm5_PriceChg_c3', 'y_Tp13_PriceChg': 'Unnamed: 0'}",10.194198056596777
90,"{'x_Tm1_PRoc1': 'x_Tm1_PRoc1_c2', 'x_Tm11_PRoc1': 'x_Tm11_PRoc1_c2', 'x_Tm2_VolChg': 'x_Tm2_VolChg_c0', 'x_Tm12_VolChg': 'x_Tm12_VolChg_c3', 'x_Tm2_PriceChg': 'x_Tm2_PriceChg_c3', 'x_Tm5_PriceChg': 'x_Tm5_PriceChg_c2', 'y_Tp13_PriceChg': 'Unnamed: 0'}",8.822158362369883
91,"{'x_Tm1_PRoc1': 'x_Tm1_PRoc1_c2', 'x_Tm11_PRoc1': 'x_Tm11_PRoc1_c3', 'x_Tm2_VolChg': 'x_Tm2_VolChg_c2', 'x_Tm12_VolChg': 'x_Tm12_VolChg_c6', 'x_Tm2_PriceChg': 'x_Tm2_PriceChg_c3', 'x_Tm5_PriceChg': 'x_Tm5_PriceChg_c2', 'y_Tp13_PriceChg': 'Unnamed: 0'}",7.425509166745676
92,"{'x_Tm1_PRoc1': 'x_Tm1_PRoc1_c3', 'x_Tm11_PRoc1': 'x_Tm11_PRoc1_c2', 'x_Tm2_VolChg': 'x_Tm2_VolChg_c6', 'x_Tm12_VolChg': 'x_Tm12_VolChg_c0', 'x_Tm2_PriceChg': 'x_Tm2_PriceChg_c2', 'x_Tm5_PriceChg': 'x_Tm5_PriceChg_c2', 'y_Tp13_PriceChg': 'Unnamed: 0'}",6.909424387498024
93,"{'x_Tm1_PRoc1': 'x_Tm1_PRoc1_c2', 'x_Tm11_PRoc1': 'x_Tm11_PRoc1_c2', 'x_Tm2_VolChg': 'x_Tm2_VolChg_c4', 'x_Tm12_VolChg': 'x_Tm12_VolChg_c2', 'x_Tm2_PriceChg': 'x_Tm2_PriceChg_c2', 'x_Tm5_PriceChg': 'x_Tm5_PriceChg_c2', 'y_Tp13_PriceChg': 'Unnamed: 0'}",6.40475972862959
94,"{'x_Tm1_PRoc1': 'x_Tm1_PRoc1_c2', 'x_Tm11_PRoc1': 'x_Tm11_PRoc1_c3', 'x_Tm2_VolChg': 'x_Tm2_VolChg_c5', 'x_Tm12_VolChg': 'x_Tm12_VolChg_c0', 'x_Tm2_PriceChg': 'x_Tm2_PriceChg_c3', 'x_Tm5_PriceChg': 'x_Tm5_PriceChg_c2', 'y_Tp13_PriceChg': 'Unnamed: 0'}",4.70430743707751
95,"{'x_Tm1_PRoc1': 'x_Tm1_PRoc1_c2', 'x_Tm11_PRoc1': 'x_Tm11_PRoc1_c2', 'x_Tm2_VolChg': 'x_Tm2_VolChg_c1', 'x_Tm12_VolChg': 'x_Tm12_VolChg_c0', 'x_Tm2_PriceChg': 'x_Tm2_PriceChg_c1', 'x_Tm5_PriceChg': 'x_Tm5_PriceChg_c2', 'y_Tp13_PriceChg': 'Unnamed: 0'}",4.083578978920115
96,"{'x_Tm1_PRoc1': 'x_Tm1_PRoc1_c3', 'x_Tm11_PRoc1': 'x_Tm11_PRoc1_c2', 'x_Tm2_VolChg': 'x_Tm2_VolChg_c0', 'x_Tm12_VolChg': 'x_Tm12_VolChg_c1', 'x_Tm2_PriceChg': 'x_Tm2_PriceChg_c3', 'x_Tm5_PriceChg': 'x_Tm5_PriceChg_c2', 'y_Tp13_PriceChg': 'Unnamed: 0'}",3.0614413992084053
97,"{'x_Tm1_PRoc1': 'x_Tm1_PRoc1_c2', 'x_Tm11_PRoc1': 'x_Tm11_PRoc1_c2', 'x_Tm2_VolChg': 'x_Tm2_VolChg_c0', 'x_Tm12_VolChg': 'x_Tm12_VolChg_c0', 'x_Tm2_PriceChg': 'x_Tm2_PriceChg_c1', 'x_Tm5_PriceChg': 'x_Tm5_PriceChg_c2', 'y_Tp13_PriceChg': 'Unnamed: 0'}",3.0447541599379933
98,"{'x_Tm1_PRoc1': 'x_Tm1_PRoc1_c2', 'x_Tm11_PRoc1': 'x_Tm11_PRoc1_c2', 'x_Tm2_VolChg': 'x_Tm2_VolChg_c1', 'x_Tm12_VolChg': 'x_Tm12_VolChg_c0', 'x_Tm2_PriceChg': 'x_Tm2_PriceChg_c1', 'x_Tm5_PriceChg': 'x_Tm5_PriceChg_c1', 'y_Tp13_PriceChg': 'Unnamed: 0'}",2.40827827522689
99,"{'x_Tm1_PRoc1': 'x_Tm1_PRoc1_c2', 'x_Tm11_PRoc1': 'x_Tm11_PRoc1_c2', 'x_Tm2_VolChg': 'x_Tm2_VolChg_c6', 'x_Tm12_VolChg': 'x_Tm12_VolChg_c0', 'x_Tm2_PriceChg': 'x_Tm2_PriceChg_c1', 'x_Tm5_PriceChg': 'x_Tm5_PriceChg_c2', 'y_Tp13_PriceChg': 'Unnamed: 0'}",2.1993108820319827
100,"{'x_Tm1_PRoc1': 'x_Tm1_PRoc1_c2', 'x_Tm11_PRoc1': 'x_Tm11_PRoc1_c2', 'x_Tm2_VolChg': 'x_Tm2_VolChg_c4', 'x_Tm12_VolChg': 'x_Tm12_VolChg_c4', 'x_Tm2_PriceChg': 'x_Tm2_PriceChg_c2', 'x_Tm5_PriceChg': 'x_Tm5_PriceChg_c2', 'y_Tp13_PriceChg': 'Unnamed: 0'}",2.152764944543884
101,"{'x_Tm1_PRoc1': 'x_Tm1_PRoc1_c2', 'x_Tm11_PRoc1': 'x_Tm11_PRoc1_c2', 'x_Tm2_VolChg': 'x_Tm2_VolChg_c1', 'x_Tm12_VolChg': 'x_Tm12_VolChg_c1', 'x_Tm2_PriceChg': 'x_Tm2_PriceChg_c1', 'x_Tm5_PriceChg': 'x_Tm5_PriceChg_c2', 'y_Tp13_PriceChg': 'Unnamed: 0'}",2.148802080142428
102,"{'x_Tm1_PRoc1': 'x_Tm1_PRoc1_c2', 'x_Tm11_PRoc1': 'x_Tm11_PRoc1_c2', 'x_Tm2_VolChg': 'x_Tm2_VolChg_c0', 'x_Tm12_VolChg': 'x_Tm12_VolChg_c3', 'x_Tm2_PriceChg': 'x_Tm2_PriceChg_c1', 'x_Tm5_PriceChg': 'x_Tm5_PriceChg_c2', 'y_Tp13_PriceChg': 'Unnamed: 0'}",1.961515217879161
103,"{'x_Tm1_PRoc1': 'x_Tm1_PRoc1_c2', 'x_Tm11_PRoc1': 'x_Tm11_PRoc1_c2', 'x_Tm2_VolChg': 'x_Tm2_VolChg_c2', 'x_Tm12_VolChg': 'x_Tm12_VolChg_c2', 'x_Tm2_PriceChg': 'x_Tm2_PriceChg_c3', 'x_Tm5_PriceChg': 'x_Tm5_PriceChg_c2', 'y_Tp13_PriceChg': 'Unnamed: 0'}",1.9378517156146073
104,"{'x_Tm1_PRoc1': 'x_Tm1_PRoc1_c2', 'x_Tm11_PRoc1': 'x_Tm11_PRoc1_c2', 'x_Tm2_VolChg': 'x_Tm2_VolChg_c6', 'x_Tm12_VolChg': 'x_Tm12_VolChg_c2', 'x_Tm2_PriceChg': 'x_Tm2_PriceChg_c3', 'x_Tm5_PriceChg': 'x_Tm5_PriceChg_c2', 'y_Tp13_PriceChg': 'Unnamed: 0'}",1.8734560544645371
105,"{'x_Tm1_PRoc1': 'x_Tm1_PRoc1_c2', 'x_Tm11_PRoc1': 'x_Tm11_PRoc1_c2', 'x_Tm2_VolChg': 'x_Tm2_VolChg_c5', 'x_Tm12_VolChg': 'x_Tm12_VolChg_c6', 'x_Tm2_PriceChg': 'x_Tm2_PriceChg_c2', 'x_Tm5_PriceChg': 'x_Tm5_PriceChg_c2', 'y_Tp13_PriceChg': 'Unnamed: 0'}",1.784890523850226
106,"{'x_Tm1_PRoc1': 'x_Tm1_PRoc1_c2', 'x_Tm11_PRoc1': 'x_Tm11_PRoc1_c2', 'x_Tm2_VolChg': 'x_Tm2_VolChg_c2', 'x_Tm12_VolChg': 'x_Tm12_VolChg_c0', 'x_Tm2_PriceChg': 'x_Tm2_PriceChg_c1', 'x_Tm5_PriceChg': 'x_Tm5_PriceChg_c1', 'y_Tp13_PriceChg': 'Unnamed: 0'}",1.7056461620761245
107,"{'x_Tm1_PRoc1': 'x_Tm1_PRoc1_c2', 'x_Tm11_PRoc1': 'x_Tm11_PRoc1_c2', 'x_Tm2_VolChg': 'x_Tm2_VolChg_c2', 'x_Tm12_VolChg': 'x_Tm12_VolChg_c6', 'x_Tm2_PriceChg': 'x_Tm2_PriceChg_c3', 'x_Tm5_PriceChg': 'x_Tm5_PriceChg_c2', 'y_Tp13_PriceChg': 'Unnamed: 0'}",1.5136391715479651
108,"{'x_Tm1_PRoc1': 'x_Tm1_PRoc1_c2', 'x_Tm11_PRoc1': 'x_Tm11_PRoc1_c2', 'x_Tm2_VolChg': 'x_Tm2_VolChg_c4', 'x_Tm12_VolChg': 'x_Tm12_VolChg_c2', 'x_Tm2_PriceChg': 'x_Tm2_PriceChg_c1', 'x_Tm5_PriceChg': 'x_Tm5_PriceChg_c2', 'y_Tp13_PriceChg': 'Unnamed: 0'}",1.4845318004817523
109,"{'x_Tm1_PRoc1': 'x_Tm1_PRoc1_c2', 'x_Tm11_PRoc1': 'x_Tm11_PRoc1_c3', 'x_Tm2_VolChg': 'x_Tm2_VolChg_c0', 'x_Tm12_VolChg': 'x_Tm12_VolChg_c1', 'x_Tm2_PriceChg': 'x_Tm2_PriceChg_c3', 'x_Tm5_PriceChg': 'x_Tm5_PriceChg_c2', 'y_Tp13_PriceChg': 'Unnamed: 0'}",1.474358102700533
110,"{'x_Tm1_PRoc1': 'x_Tm1_PRoc1_c3', 'x_Tm11_PRoc1': 'x_Tm11_PRoc1_c2', 'x_Tm2_VolChg': 'x_Tm2_VolChg_c2', 'x_Tm12_VolChg': 'x_Tm12_VolChg_c0', 'x_Tm2_PriceChg': 'x_Tm2_PriceChg_c2', 'x_Tm5_PriceChg': 'x_Tm5_PriceChg_c2', 'y_Tp13_PriceChg': 'Unnamed: 0'}",1.4405276339337465
111,"{'x_Tm1_PRoc1': 'x_Tm1_PRoc1_c2', 'x_Tm11_PRoc1': 'x_Tm11_PRoc1_c2', 'x_Tm2_VolChg': 'x_Tm2_VolChg_c2', 'x_Tm12_VolChg': 'x_Tm12_VolChg_c4', 'x_Tm2_PriceChg': 'x_Tm2_PriceChg_c2', 'x_Tm5_PriceChg': 'x_Tm5_PriceChg_c2', 'y_Tp13_PriceChg': 'Unnamed: 0'}",1.4205670618048374
112,"{'x_Tm1_PRoc1': 'x_Tm1_PRoc1_c2', 'x_Tm11_PRoc1': 'x_Tm11_PRoc1_c2', 'x_Tm2_VolChg': 'x_Tm2_VolChg_c6', 'x_Tm12_VolChg': 'x_Tm12_VolChg_c1', 'x_Tm2_PriceChg': 'x_Tm2_PriceChg_c1', 'x_Tm5_PriceChg': 'x_Tm5_PriceChg_c2', 'y_Tp13_PriceChg': 'Unnamed: 0'}",1.3189994842298312
113,"{'x_Tm1_PRoc1': 'x_Tm1_PRoc1_c2', 'x_Tm11_PRoc1': 'x_Tm11_PRoc1_c2', 'x_Tm2_VolChg': 'x_Tm2_VolChg_c0', 'x_Tm12_VolChg': 'x_Tm12_VolChg_c0', 'x_Tm2_PriceChg': 'x_Tm2_PriceChg_c1', 'x_Tm5_PriceChg': 'x_Tm5_PriceChg_c1', 'y_Tp13_PriceChg': 'Unnamed: 0'}",1.2668092464725065
114,"{'x_Tm1_PRoc1': 'x_Tm1_PRoc1_c2', 'x_Tm11_PRoc1': 'x_Tm11_PRoc1_c2', 'x_Tm2_VolChg': 'x_Tm2_VolChg_c5', 'x_Tm12_VolChg': 'x_Tm12_VolChg_c1', 'x_Tm2_PriceChg': 'x_Tm2_PriceChg_c3', 'x_Tm5_PriceChg': 'x_Tm5_PriceChg_c2', 'y_Tp13_PriceChg': 'Unnamed: 0'}",1.2133352459129398
115,"{'x_Tm1_PRoc1': 'x_Tm1_PRoc1_c2', 'x_Tm11_PRoc1': 'x_Tm11_PRoc1_c2', 'x_Tm2_VolChg': 'x_Tm2_VolChg_c3', 'x_Tm12_VolChg': 'x_Tm12_VolChg_c2', 'x_Tm2_PriceChg': 'x_Tm2_PriceChg_c1', 'x_Tm5_PriceChg': 'x_Tm5_PriceChg_c2', 'y_Tp13_PriceChg': 'Unnamed: 0'}",1.1960677632348455
116,"{'x_Tm1_PRoc1': 'x_Tm1_PRoc1_c3', 'x_Tm11_PRoc1': 'x_Tm11_PRoc1_c3', 'x_Tm2_VolChg': 'x_Tm2_VolChg_c3', 'x_Tm12_VolChg': 'x_Tm12_VolChg_c0', 'x_Tm2_PriceChg': 'x_Tm2_PriceChg_c2', 'x_Tm5_PriceChg': 'x_Tm5_PriceChg_c2', 'y_Tp13_PriceChg': 'Unnamed: 0'}",1.0816099202281881
117,"{'x_Tm1_PRoc1': 'x_Tm1_PRoc1_c3', 'x_Tm11_PRoc1': 'x_Tm11_PRoc1_c2', 'x_Tm2_VolChg': 'x_Tm2_VolChg_c1', 'x_Tm12_VolChg': 'x_Tm12_VolChg_c2', 'x_Tm2_PriceChg': 'x_Tm2_PriceChg_c2', 'x_Tm5_PriceChg': 'x_Tm5_PriceChg_c2', 'y_Tp13_PriceChg': 'Unnamed: 0'}",0.9773459917446808
118,"{'x_Tm1_PRoc1': 'x_Tm1_PRoc1_c2', 'x_Tm11_PRoc1': 'x_Tm11_PRoc1_c3', 'x_Tm2_VolChg': 'x_Tm2_VolChg_c2', 'x_Tm12_VolChg': 'x_Tm12_VolChg_c0', 'x_Tm2_PriceChg': 'x_Tm2_PriceChg_c2', 'x_Tm5_PriceChg': 'x_Tm5_PriceChg_c2', 'y_Tp13_PriceChg': 'Unnamed: 0'}",0.9542491788884029
119,"{'x_Tm1_PRoc1': 'x_Tm1_PRoc1_c2', 'x_Tm11_PRoc1': 'x_Tm11_PRoc1_c3', 'x_Tm2_VolChg': 'x_Tm2_VolChg_c0', 'x_Tm12_VolChg': 'x_Tm12_VolChg_c1', 'x_Tm2_PriceChg': 'x_Tm2_PriceChg_c2', 'x_Tm5_PriceChg': 'x_Tm5_PriceChg_c2', 'y_Tp13_PriceChg': 'Unnamed: 0'}",0.897278489263833
120,"{'x_Tm1_PRoc1': 'x_Tm1_PRoc1_c2', 'x_Tm11_PRoc1': 'x_Tm11_PRoc1_c2', 'x_Tm2_VolChg': 'x_Tm2_VolChg_c2', 'x_Tm12_VolChg': 'x_Tm12_VolChg_c1', 'x_Tm2_PriceChg': 'x_Tm2_PriceChg_c1', 'x_Tm5_PriceChg': 'x_Tm5_PriceChg_c1', 'y_Tp13_PriceChg': 'Unnamed: 0'}",0.8099731224215952
121,"{'x_Tm1_PRoc1': 'x_Tm1_PRoc1_c3', 'x_Tm11_PRoc1': 'x_Tm11_PRoc1_c2', 'x_Tm2_VolChg': 'x_Tm2_VolChg_c0', 'x_Tm12_VolChg': 'x_Tm12_VolChg_c3', 'x_Tm2_PriceChg': 'x_Tm2_PriceChg_c1', 'x_Tm5_PriceChg': 'x_Tm5_PriceChg_c1', 'y_Tp13_PriceChg': 'Unnamed: 0'}",0.7851031237454686
122,"{'x_Tm1_PRoc1': 'x_Tm1_PRoc1_c2', 'x_Tm11_PRoc1': 'x_Tm11_PRoc1_c2', 'x_Tm2_VolChg': 'x_Tm2_VolChg_c1', 'x_Tm12_VolChg': 'x_Tm12_VolChg_c2', 'x_Tm2_PriceChg': 'x_Tm2_PriceChg_c1', 'x_Tm5_PriceChg': 'x_Tm5_PriceChg_c2', 'y_Tp13_PriceChg': 'Unnamed: 0'}",0.7624655195228044
123,"{'x_Tm1_PRoc1': 'x_Tm1_PRoc1_c2', 'x_Tm11_PRoc1': 'x_Tm11_PRoc1_c2', 'x_Tm2_VolChg': 'x_Tm2_VolChg_c5', 'x_Tm12_VolChg': 'x_Tm12_VolChg_c4', 'x_Tm2_PriceChg': 'x_Tm2_PriceChg_c1', 'x_Tm5_PriceChg': 'x_Tm5_PriceChg_c2', 'y_Tp13_PriceChg': 'Unnamed: 0'}",0.7059573756628402
124,"{'x_Tm1_PRoc1': 'x_Tm1_PRoc1_c2', 'x_Tm11_PRoc1': 'x_Tm11_PRoc1_c2', 'x_Tm2_VolChg': 'x_Tm2_VolChg_c1', 'x_Tm12_VolChg': 'x_Tm12_VolChg_c3', 'x_Tm2_PriceChg': 'x_Tm2_PriceChg_c1', 'x_Tm5_PriceChg': 'x_Tm5_PriceChg_c2', 'y_Tp13_PriceChg': 'Unnamed: 0'}",0.6234627688216027
125,"{'x_Tm1_PRoc1': 'x_Tm1_PRoc1_c2', 'x_Tm11_PRoc1': 'x_Tm11_PRoc1_c2', 'x_Tm2_VolChg': 'x_Tm2_VolChg_c4', 'x_Tm12_VolChg': 'x_Tm12_VolChg_c1', 'x_Tm2_PriceChg': 'x_Tm2_PriceChg_c1', 'x_Tm5_PriceChg': 'x_Tm5_PriceChg_c2', 'y_Tp13_PriceChg': 'Unnamed: 0'}",0.6083489718562705
126,"{'x_Tm1_PRoc1': 'x_Tm1_PRoc1_c3', 'x_Tm11_PRoc1': 'x_Tm11_PRoc1_c3', 'x_Tm2_VolChg': 'x_Tm2_VolChg_c0', 'x_Tm12_VolChg': 'x_Tm12_VolChg_c3', 'x_Tm2_PriceChg': 'x_Tm2_PriceChg_c2', 'x_Tm5_PriceChg': 'x_Tm5_PriceChg_c2', 'y_Tp13_PriceChg': 'Unnamed: 0'}",0.59343513409328
127,"{'x_Tm1_PRoc1': 'x_Tm1_PRoc1_c2', 'x_Tm11_PRoc1': 'x_Tm11_PRoc1_c2', 'x_Tm2_VolChg': 'x_Tm2_VolChg_c3', 'x_Tm12_VolChg': 'x_Tm12_VolChg_c2', 'x_Tm2_PriceChg': 'x_Tm2_PriceChg_c1', 'x_Tm5_PriceChg': 'x_Tm5_PriceChg_c1', 'y_Tp13_PriceChg': 'Unnamed: 0'}",0.5507789244782838
128,"{'x_Tm1_PRoc1': 'x_Tm1_PRoc1_c2', 'x_Tm11_PRoc1': 'x_Tm11_PRoc1_c2', 'x_Tm2_VolChg': 'x_Tm2_VolChg_c6', 'x_Tm12_VolChg': 'x_Tm12_VolChg_c1', 'x_Tm2_PriceChg': 'x_Tm2_PriceChg_c1', 'x_Tm5_PriceChg': 'x_Tm5_PriceChg_c1', 'y_Tp13_PriceChg': 'Unnamed: 0'}",0.5505695694847708
129,"{'x_Tm1_PRoc1': 'x_Tm1_PRoc1_c2', 'x_Tm11_PRoc1': 'x_Tm11_PRoc1_c3', 'x_Tm2_VolChg': 'x_Tm2_VolChg_c2', 'x_Tm12_VolChg': 'x_Tm12_VolChg_c0', 'x_Tm2_PriceChg': 'x_Tm2_PriceChg_c1', 'x_Tm5_PriceChg': 'x_Tm5_PriceChg_c2', 'y_Tp13_PriceChg': 'Unnamed: 0'}",0.53948382568394
130,"{'x_Tm1_PRoc1': 'x_Tm1_PRoc1_c2', 'x_Tm11_PRoc1': 'x_Tm11_PRoc1_c2', 'x_Tm2_VolChg': 'x_Tm2_VolChg_c3', 'x_Tm12_VolChg': 'x_Tm12_VolChg_c0', 'x_Tm2_PriceChg': 'x_Tm2_PriceChg_c1', 'x_Tm5_PriceChg': 'x_Tm5_PriceChg_c2', 'y_Tp13_PriceChg': 'Unnamed: 0'}",0.4779036557233333
131,"{'x_Tm1_PRoc1': 'x_Tm1_PRoc1_c2', 'x_Tm11_PRoc1': 'x_Tm11_PRoc1_c2', 'x_Tm2_VolChg': 'x_Tm2_VolChg_c6', 'x_Tm12_VolChg': 'x_Tm12_VolChg_c2', 'x_Tm2_PriceChg': 'x_Tm2_PriceChg_c1', 'x_Tm5_PriceChg': 'x_Tm5_PriceChg_c1', 'y_Tp13_PriceChg': 'Unnamed: 0'}",0.45962501795141947
132,"{'x_Tm1_PRoc1': 'x_Tm1_PRoc1_c2', 'x_Tm11_PRoc1': 'x_Tm11_PRoc1_c3', 'x_Tm2_VolChg': 'x_Tm2_VolChg_c2', 'x_Tm12_VolChg': 'x_Tm12_VolChg_c0', 'x_Tm2_PriceChg': 'x_Tm2_PriceChg_c3', 'x_Tm5_PriceChg': 'x_Tm5_PriceChg_c3', 'y_Tp13_PriceChg': 'Unnamed: 0'}",0.45579474377785667
133,"{'x_Tm1_PRoc1': 'x_Tm1_PRoc1_c3', 'x_Tm11_PRoc1': 'x_Tm11_PRoc1_c2', 'x_Tm2_VolChg': 'x_Tm2_VolChg_c1', 'x_Tm12_VolChg': 'x_Tm12_VolChg_c0', 'x_Tm2_PriceChg': 'x_Tm2_PriceChg_c2', 'x_Tm5_PriceChg': 'x_Tm5_PriceChg_c2', 'y_Tp13_PriceChg': 'Unnamed: 0'}",0.4444892551006766
134,"{'x_Tm1_PRoc1': 'x_Tm1_PRoc1_c2', 'x_Tm11_PRoc1': 'x_Tm11_PRoc1_c3', 'x_Tm2_VolChg': 'x_Tm2_VolChg_c4', 'x_Tm12_VolChg': 'x_Tm12_VolChg_c0', 'x_Tm2_PriceChg': 'x_Tm2_PriceChg_c2', 'x_Tm5_PriceChg': 'x_Tm5_PriceChg_c2', 'y_Tp13_PriceChg': 'Unnamed: 0'}",0.43432233001065196
135,"{'x_Tm1_PRoc1': 'x_Tm1_PRoc1_c3', 'x_Tm11_PRoc1': 'x_Tm11_PRoc1_c2', 'x_Tm2_VolChg': 'x_Tm2_VolChg_c3', 'x_Tm12_VolChg': 'x_Tm12_VolChg_c2', 'x_Tm2_PriceChg': 'x_Tm2_PriceChg_c2', 'x_Tm5_PriceChg': 'x_Tm5_PriceChg_c2', 'y_Tp13_PriceChg': 'Unnamed: 0'}",0.41732838352891577
136,"{'x_Tm1_PRoc1': 'x_Tm1_PRoc1_c2', 'x_Tm11_PRoc1': 'x_Tm11_PRoc1_c3', 'x_Tm2_VolChg': 'x_Tm2_VolChg_c0', 'x_Tm12_VolChg': 'x_Tm12_VolChg_c2', 'x_Tm2_PriceChg': 'x_Tm2_PriceChg_c2', 'x_Tm5_PriceChg': 'x_Tm5_PriceChg_c2', 'y_Tp13_PriceChg': 'Unnamed: 0'}",0.3658665683203212
137,"{'x_Tm1_PRoc1': 'x_Tm1_PRoc1_c2', 'x_Tm11_PRoc1': 'x_Tm11_PRoc1_c2', 'x_Tm2_VolChg': 'x_Tm2_VolChg_c1', 'x_Tm12_VolChg': 'x_Tm12_VolChg_c2', 'x_Tm2_PriceChg': 'x_Tm2_PriceChg_c3', 'x_Tm5_PriceChg': 'x_Tm5_PriceChg_c3', 'y_Tp13_PriceChg': 'Unnamed: 0'}",0.32946437481783875
138,"{'x_Tm1_PRoc1': 'x_Tm1_PRoc1_c3', 'x_Tm11_PRoc1': 'x_Tm11_PRoc1_c2', 'x_Tm2_VolChg': 'x_Tm2_VolChg_c4', 'x_Tm12_VolChg': 'x_Tm12_VolChg_c0', 'x_Tm2_PriceChg': 'x_Tm2_PriceChg_c2', 'x_Tm5_PriceChg': 'x_Tm5_PriceChg_c2', 'y_Tp13_PriceChg': 'Unnamed: 0'}",0.3148834831337403
139,"{'x_Tm1_PRoc1': 'x_Tm1_PRoc1_c3', 'x_Tm11_PRoc1': 'x_Tm11_PRoc1_c3', 'x_Tm2_VolChg': 'x_Tm2_VolChg_c0', 'x_Tm12_VolChg': 'x_Tm12_VolChg_c3', 'x_Tm2_PriceChg': 'x_Tm2_PriceChg_c3', 'x_Tm5_PriceChg': 'x_Tm5_PriceChg_c3', 'y_Tp13_PriceChg': 'Unnamed: 0'}",0.2817016710593032
140,"{'x_Tm1_PRoc1': 'x_Tm1_PRoc1_c2', 'x_Tm11_PRoc1': 'x_Tm11_PRoc1_c3', 'x_Tm2_VolChg': 'x_Tm2_VolChg_c0', 'x_Tm12_VolChg': 'x_Tm12_VolChg_c1', 'x_Tm2_PriceChg': 'x_Tm2_PriceChg_c3', 'x_Tm5_PriceChg': 'x_Tm5_PriceChg_c3', 'y_Tp13_PriceChg': 'Unnamed: 0'}",0.27410423002449125
141,"{'x_Tm1_PRoc1': 'x_Tm1_PRoc1_c2', 'x_Tm11_PRoc1': 'x_Tm11_PRoc1_c2', 'x_Tm2_VolChg': 'x_Tm2_VolChg_c0', 'x_Tm12_VolChg': 'x_Tm12_VolChg_c1', 'x_Tm2_PriceChg': 'x_Tm2_PriceChg_c3', 'x_Tm5_PriceChg': 'x_Tm5_PriceChg_c3', 'y_Tp13_PriceChg': 'Unnamed: 0'}",0.2725486452062635
142,"{'x_Tm1_PRoc1': 'x_Tm1_PRoc1_c2', 'x_Tm11_PRoc1': 'x_Tm11_PRoc1_c3', 'x_Tm2_VolChg': 'x_Tm2_VolChg_c3', 'x_Tm12_VolChg': 'x_Tm12_VolChg_c0', 'x_Tm2_PriceChg': 'x_Tm2_PriceChg_c2', 'x_Tm5_PriceChg': 'x_Tm5_PriceChg_c2', 'y_Tp13_PriceChg': 'Unnamed: 0'}",0.24063356844297085
143,"{'x_Tm1_PRoc1': 'x_Tm1_PRoc1_c2', 'x_Tm11_PRoc1': 'x_Tm11_PRoc1_c2', 'x_Tm2_VolChg': 'x_Tm2_VolChg_c3', 'x_Tm12_VolChg': 'x_Tm12_VolChg_c5', 'x_Tm2_PriceChg': 'x_Tm2_PriceChg_c3', 'x_Tm5_PriceChg': 'x_Tm5_PriceChg_c3', 'y_Tp13_PriceChg': 'Unnamed: 0'}",0.21556404813076657
144,"{'x_Tm1_PRoc1': 'x_Tm1_PRoc1_c3', 'x_Tm11_PRoc1': 'x_Tm11_PRoc1_c2', 'x_Tm2_VolChg': 'x_Tm2_VolChg_c2', 'x_Tm12_VolChg': 'x_Tm12_VolChg_c6', 'x_Tm2_PriceChg': 'x_Tm2_PriceChg_c2', 'x_Tm5_PriceChg': 'x_Tm5_PriceChg_c2', 'y_Tp13_PriceChg': 'Unnamed: 0'}",0.20238599469618643
145,"{'x_Tm1_PRoc1': 'x_Tm1_PRoc1_c2', 'x_Tm11_PRoc1': 'x_Tm11_PRoc1_c3', 'x_Tm2_VolChg': 'x_Tm2_VolChg_c1', 'x_Tm12_VolChg': 'x_Tm12_VolChg_c6', 'x_Tm2_PriceChg': 'x_Tm2_PriceChg_c3', 'x_Tm5_PriceChg': 'x_Tm5_PriceChg_c2', 'y_Tp13_PriceChg': 'Unnamed: 0'}",0.17841881673843202
146,"{'x_Tm1_PRoc1': 'x_Tm1_PRoc1_c2', 'x_Tm11_PRoc1': 'x_Tm11_PRoc1_c2', 'x_Tm2_VolChg': 'x_Tm2_VolChg_c0', 'x_Tm12_VolChg': 'x_Tm12_VolChg_c4', 'x_Tm2_PriceChg': 'x_Tm2_PriceChg_c3', 'x_Tm5_PriceChg': 'x_Tm5_PriceChg_c2', 'y_Tp13_PriceChg': 'Unnamed: 0'}",0.17590058365686065
147,"{'x_Tm1_PRoc1': 'x_Tm1_PRoc1_c3', 'x_Tm11_PRoc1': 'x_Tm11_PRoc1_c2', 'x_Tm2_VolChg': 'x_Tm2_VolChg_c5', 'x_Tm12_VolChg': 'x_Tm12_VolChg_c4', 'x_Tm2_PriceChg': 'x_Tm2_PriceChg_c1', 'x_Tm5_PriceChg': 'x_Tm5_PriceChg_c1', 'y_Tp13_PriceChg': 'Unnamed: 0'}",0.1750688605385016
148,"{'x_Tm1_PRoc1': 'x_Tm1_PRoc1_c2', 'x_Tm11_PRoc1': 'x_Tm11_PRoc1_c2', 'x_Tm2_VolChg': 'x_Tm2_VolChg_c5', 'x_Tm12_VolChg': 'x_Tm12_VolChg_c1', 'x_Tm2_PriceChg': 'x_Tm2_PriceChg_c1', 'x_Tm5_PriceChg': 'x_Tm5_PriceChg_c1', 'y_Tp13_PriceChg': 'Unnamed: 0'}",0.17383973953377885
149,"{'x_Tm1_PRoc1': 'x_Tm1_PRoc1_c3', 'x_Tm11_PRoc1': 'x_Tm11_PRoc1_c2', 'x_Tm2_VolChg': 'x_Tm2_VolChg_c6', 'x_Tm12_VolChg': 'x_Tm12_VolChg_c0', 'x_Tm2_PriceChg': 'x_Tm2_PriceChg_c1', 'x_Tm5_PriceChg': 'x_Tm5_PriceChg_c1', 'y_Tp13_PriceChg': 'Unnamed: 0'}",0.1693382779198842
150,"{'x_Tm1_PRoc1': 'x_Tm1_PRoc1_c3', 'x_Tm11_PRoc1': 'x_Tm11_PRoc1_c3', 'x_Tm2_VolChg': 'x_Tm2_VolChg_c1', 'x_Tm12_VolChg': 'x_Tm12_VolChg_c4', 'x_Tm2_PriceChg': 'x_Tm2_PriceChg_c2', 'x_Tm5_PriceChg': 'x_Tm5_PriceChg_c2', 'y_Tp13_PriceChg': 'Unnamed: 0'}",0.16620702836515844
151,"{'x_Tm1_PRoc1': 'x_Tm1_PRoc1_c2', 'x_Tm11_PRoc1': 'x_Tm11_PRoc1_c2', 'x_Tm2_VolChg': 'x_Tm2_VolChg_c1', 'x_Tm12_VolChg': 'x_Tm12_VolChg_c2', 'x_Tm2_PriceChg': 'x_Tm2_PriceChg_c1', 'x_Tm5_PriceChg': 'x_Tm5_PriceChg_c1', 'y_Tp13_PriceChg': 'Unnamed: 0'}",0.16375545092543933
152,"{'x_Tm1_PRoc1': 'x_Tm1_PRoc1_c2', 'x_Tm11_PRoc1': 'x_Tm11_PRoc1_c2', 'x_Tm2_VolChg': 'x_Tm2_VolChg_c2', 'x_Tm12_VolChg': 'x_Tm12_VolChg_c6', 'x_Tm2_PriceChg': 'x_Tm2_PriceChg_c4', 'x_Tm5_PriceChg': 'x_Tm5_PriceChg_c3', 'y_Tp13_PriceChg': 'Unnamed: 0'}",0.1617288740825918
153,"{'x_Tm1_PRoc1': 'x_Tm1_PRoc1_c2', 'x_Tm11_PRoc1': 'x_Tm11_PRoc1_c2', 'x_Tm2_VolChg': 'x_Tm2_VolChg_c0', 'x_Tm12_VolChg': 'x_Tm12_VolChg_c1', 'x_Tm2_PriceChg': 'x_Tm2_PriceChg_c4', 'x_Tm5_PriceChg': 'x_Tm5_PriceChg_c3', 'y_Tp13_PriceChg': 'Unnamed: 0'}",0.14476514430089793
154,"{'x_Tm1_PRoc1': 'x_Tm1_PRoc1_c2', 'x_Tm11_PRoc1': 'x_Tm11_PRoc1_c3', 'x_Tm2_VolChg': 'x_Tm2_VolChg_c1', 'x_Tm12_VolChg': 'x_Tm12_VolChg_c0', 'x_Tm2_PriceChg': 'x_Tm2_PriceChg_c2', 'x_Tm5_PriceChg': 'x_Tm5_PriceChg_c2', 'y_Tp13_PriceChg': 'Unnamed: 0'}",0.13935408433202046
155,"{'x_Tm1_PRoc1': 'x_Tm1_PRoc1_c3', 'x_Tm11_PRoc1': 'x_Tm11_PRoc1_c2', 'x_Tm2_VolChg': 'x_Tm2_VolChg_c0', 'x_Tm12_VolChg': 'x_Tm12_VolChg_c2', 'x_Tm2_PriceChg': 'x_Tm2_PriceChg_c2', 'x_Tm5_PriceChg': 'x_Tm5_PriceChg_c2', 'y_Tp13_PriceChg': 'Unnamed: 0'}",0.13628480164188783
156,"{'x_Tm1_PRoc1': 'x_Tm1_PRoc1_c2', 'x_Tm11_PRoc1': 'x_Tm11_PRoc1_c3', 'x_Tm2_VolChg': 'x_Tm2_VolChg_c1', 'x_Tm12_VolChg': 'x_Tm12_VolChg_c4', 'x_Tm2_PriceChg': 'x_Tm2_PriceChg_c2', 'x_Tm5_PriceChg': 'x_Tm5_PriceChg_c2', 'y_Tp13_PriceChg': 'Unnamed: 0'}",0.126684106686321
157,"{'x_Tm1_PRoc1': 'x_Tm1_PRoc1_c2', 'x_Tm11_PRoc1': 'x_Tm11_PRoc1_c2', 'x_Tm2_VolChg': 'x_Tm2_VolChg_c3', 'x_Tm12_VolChg': 'x_Tm12_VolChg_c1', 'x_Tm2_PriceChg': 'x_Tm2_PriceChg_c1', 'x_Tm5_PriceChg': 'x_Tm5_PriceChg_c1', 'y_Tp13_PriceChg': 'Unnamed: 0'}",0.1110884349439942
158,"{'x_Tm1_PRoc1': 'x_Tm1_PRoc1_c2', 'x_Tm11_PRoc1': 'x_Tm11_PRoc1_c2', 'x_Tm2_VolChg': 'x_Tm2_VolChg_c4', 'x_Tm12_VolChg': 'x_Tm12_VolChg_c0', 'x_Tm2_PriceChg': 'x_Tm2_PriceChg_c1', 'x_Tm5_PriceChg': 'x_Tm5_PriceChg_c2', 'y_Tp13_PriceChg': 'Unnamed: 0'}",0.09122815754758024
159,"{'x_Tm1_PRoc1': 'x_Tm1_PRoc1_c2', 'x_Tm11_PRoc1': 'x_Tm11_PRoc1_c2', 'x_Tm2_VolChg': 'x_Tm2_VolChg_c5', 'x_Tm12_VolChg': 'x_Tm12_VolChg_c0', 'x_Tm2_PriceChg': 'x_Tm2_PriceChg_c1', 'x_Tm5_PriceChg': 'x_Tm5_PriceChg_c2', 'y_Tp13_PriceChg': 'Unnamed: 0'}",0.08969017188606616
160,"{'x_Tm1_PRoc1': 'x_Tm1_PRoc1_c3', 'x_Tm11_PRoc1': 'x_Tm11_PRoc1_c2', 'x_Tm2_VolChg': 'x_Tm2_VolChg_c6', 'x_Tm12_VolChg': 'x_Tm12_VolChg_c3', 'x_Tm2_PriceChg': 'x_Tm2_PriceChg_c1', 'x_Tm5_PriceChg': 'x_Tm5_PriceChg_c1', 'y_Tp13_PriceChg': 'Unnamed: 0'}",0.08941208159450563
161,"{'x_Tm1_PRoc1': 'x_Tm1_PRoc1_c2', 'x_Tm11_PRoc1': 'x_Tm11_PRoc1_c2', 'x_Tm2_VolChg': 'x_Tm2_VolChg_c6', 'x_Tm12_VolChg': 'x_Tm12_VolChg_c2', 'x_Tm2_PriceChg': 'x_Tm2_PriceChg_c1', 'x_Tm5_PriceChg': 'x_Tm5_PriceChg_c2', 'y_Tp13_PriceChg': 'Unnamed: 0'}",0.08012374073612498
162,"{'x_Tm1_PRoc1': 'x_Tm1_PRoc1_c2', 'x_Tm11_PRoc1': 'x_Tm11_PRoc1_c3', 'x_Tm2_VolChg': 'x_Tm2_VolChg_c3', 'x_Tm12_VolChg': 'x_Tm12_VolChg_c3', 'x_Tm2_PriceChg': 'x_Tm2_PriceChg_c2', 'x_Tm5_PriceChg': 'x_Tm5_PriceChg_c2', 'y_Tp13_PriceChg': 'Unnamed: 0'}",0.06795391695721455
163,"{'x_Tm1_PRoc1': 'x_Tm1_PRoc1_c2', 'x_Tm11_PRoc1': 'x_Tm11_PRoc1_c2', 'x_Tm2_VolChg': 'x_Tm2_VolChg_c6', 'x_Tm12_VolChg': 'x_Tm12_VolChg_c3', 'x_Tm2_PriceChg': 'x_Tm2_PriceChg_c1', 'x_Tm5_PriceChg': 'x_Tm5_PriceChg_c2', 'y_Tp13_PriceChg': 'Unnamed: 0'}",0.060866053694473676
164,"{'x_Tm1_PRoc1': 'x_Tm1_PRoc1_c3', 'x_Tm11_PRoc1': 'x_Tm11_PRoc1_c1', 'x_Tm2_VolChg': 'x_Tm2_VolChg_c0', 'x_Tm12_VolChg': 'x_Tm12_VolChg_c3', 'x_Tm2_PriceChg': 'x_Tm2_PriceChg_c2', 'x_Tm5_PriceChg': 'x_Tm5_PriceChg_c2', 'y_Tp13_PriceChg': 'Unnamed: 0'}",0.06038035474298613
165,"{'x_Tm1_PRoc1': 'x_Tm1_PRoc1_c2', 'x_Tm11_PRoc1': 'x_Tm11_PRoc1_c2', 'x_Tm2_VolChg': 'x_Tm2_VolChg_c2', 'x_Tm12_VolChg': 'x_Tm12_VolChg_c0', 'x_Tm2_PriceChg': 'x_Tm2_PriceChg_c2', 'x_Tm5_PriceChg': 'x_Tm5_PriceChg_c1', 'y_Tp13_PriceChg': 'Unnamed: 0'}",0.05677275570938147
166,"{'x_Tm1_PRoc1': 'x_Tm1_PRoc1_c3', 'x_Tm11_PRoc1': 'x_Tm11_PRoc1_c2', 'x_Tm2_VolChg': 'x_Tm2_VolChg_c4', 'x_Tm12_VolChg': 'x_Tm12_VolChg_c1', 'x_Tm2_PriceChg': 'x_Tm2_PriceChg_c2', 'x_Tm5_PriceChg': 'x_Tm5_PriceChg_c2', 'y_Tp13_PriceChg': 'Unnamed: 0'}",0.05601447685370229
167,"{'x_Tm1_PRoc1': 'x_Tm1_PRoc1_c2', 'x_Tm11_PRoc1': 'x_Tm11_PRoc1_c2', 'x_Tm2_VolChg': 'x_Tm2_VolChg_c4', 'x_Tm12_VolChg': 'x_Tm12_VolChg_c0', 'x_Tm2_PriceChg': 'x_Tm2_PriceChg_c1', 'x_Tm5_PriceChg': 'x_Tm5_PriceChg_c1', 'y_Tp13_PriceChg': 'Unnamed: 0'}",0.05568880310963125
168,"{'x_Tm1_PRoc1': 'x_Tm1_PRoc1_c1', 'x_Tm11_PRoc1': 'x_Tm11_PRoc1_c2', 'x_Tm2_VolChg': 'x_Tm2_VolChg_c4', 'x_Tm12_VolChg': 'x_Tm12_VolChg_c2', 'x_Tm2_PriceChg': 'x_Tm2_PriceChg_c2', 'x_Tm5_PriceChg': 'x_Tm5_PriceChg_c2', 'y_Tp13_PriceChg': 'Unnamed: 0'}",0.04617581014014241
169,"{'x_Tm1_PRoc1': 'x_Tm1_PRoc1_c2', 'x_Tm11_PRoc1': 'x_Tm11_PRoc1_c2', 'x_Tm2_VolChg': 'x_Tm2_VolChg_c1', 'x_Tm12_VolChg': 'x_Tm12_VolChg_c2', 'x_Tm2_PriceChg': 'x_Tm2_PriceChg_c3', 'x_Tm5_PriceChg': 'x_Tm5_PriceChg_c2', 'y_Tp13_PriceChg': 'Unnamed: 0'}",0.04350583490997173
170,"{'x_Tm1_PRoc1': 'x_Tm1_PRoc1_c2', 'x_Tm11_PRoc1': 'x_Tm11_PRoc1_c2', 'x_Tm2_VolChg': 'x_Tm2_VolChg_c1', 'x_Tm12_VolChg': 'x_Tm12_VolChg_c3', 'x_Tm2_PriceChg': 'x_Tm2_PriceChg_c3', 'x_Tm5_PriceChg': 'x_Tm5_PriceChg_c2', 'y_Tp13_PriceChg': 'Unnamed: 0'}",0.036672905415497926
171,"{'x_Tm1_PRoc1': 'x_Tm1_PRoc1_c2', 'x_Tm11_PRoc1': 'x_Tm11_PRoc1_c2', 'x_Tm2_VolChg': 'x_Tm2_VolChg_c6', 'x_Tm12_VolChg': 'x_Tm12_VolChg_c0', 'x_Tm2_PriceChg': 'x_Tm2_PriceChg_c3', 'x_Tm5_PriceChg': 'x_Tm5_PriceChg_c3', 'y_Tp13_PriceChg': 'Unnamed: 0'}",0.03661569242312506
172,"{'x_Tm1_PRoc1': 'x_Tm1_PRoc1_c2', 'x_Tm11_PRoc1': 'x_Tm11_PRoc1_c2', 'x_Tm2_VolChg': 'x_Tm2_VolChg_c5', 'x_Tm12_VolChg': 'x_Tm12_VolChg_c2', 'x_Tm2_PriceChg': 'x_Tm2_PriceChg_c3', 'x_Tm5_PriceChg': 'x_Tm5_PriceChg_c2', 'y_Tp13_PriceChg': 'Unnamed: 0'}",0.035874227923714794
173,"{'x_Tm1_PRoc1': 'x_Tm1_PRoc1_c2', 'x_Tm11_PRoc1': 'x_Tm11_PRoc1_c2', 'x_Tm2_VolChg': 'x_Tm2_VolChg_c4', 'x_Tm12_VolChg': 'x_Tm12_VolChg_c1', 'x_Tm2_PriceChg': 'x_Tm2_PriceChg_c3', 'x_Tm5_PriceChg': 'x_Tm5_PriceChg_c2', 'y_Tp13_PriceChg': 'Unnamed: 0'}",0.03495793866083085
174,"{'x_Tm1_PRoc1': 'x_Tm1_PRoc1_c2', 'x_Tm11_PRoc1': 'x_Tm11_PRoc1_c3', 'x_Tm2_VolChg': 'x_Tm2_VolChg_c1', 'x_Tm12_VolChg': 'x_Tm12_VolChg_c3', 'x_Tm2_PriceChg': 'x_Tm2_PriceChg_c3', 'x_Tm5_PriceChg': 'x_Tm5_PriceChg_c3', 'y_Tp13_PriceChg': 'Unnamed: 0'}",0.032566908215261516
175,"{'x_Tm1_PRoc1': 'x_Tm1_PRoc1_c2', 'x_Tm11_PRoc1': 'x_Tm11_PRoc1_c2', 'x_Tm2_VolChg': 'x_Tm2_VolChg_c3', 'x_Tm12_VolChg': 'x_Tm12_VolChg_c1', 'x_Tm2_PriceChg': 'x_Tm2_PriceChg_c3', 'x_Tm5_PriceChg': 'x_Tm5_PriceChg_c3', 'y_Tp13_PriceChg': 'Unnamed: 0'}",0.03103394606910046
176,"{'x_Tm1_PRoc1': 'x_Tm1_PRoc1_c2', 'x_Tm11_PRoc1': 'x_Tm11_PRoc1_c2', 'x_Tm2_VolChg': 'x_Tm2_VolChg_c2', 'x_Tm12_VolChg': 'x_Tm12_VolChg_c2', 'x_Tm2_PriceChg': 'x_Tm2_PriceChg_c1', 'x_Tm5_PriceChg': 'x_Tm5_PriceChg_c2', 'y_Tp13_PriceChg': 'Unnamed: 0'}",0.02937764342010228
177,"{'x_Tm1_PRoc1': 'x_Tm1_PRoc1_c3', 'x_Tm11_PRoc1': 'x_Tm11_PRoc1_c2', 'x_Tm2_VolChg': 'x_Tm2_VolChg_c1', 'x_Tm12_VolChg': 'x_Tm12_VolChg_c4', 'x_Tm2_PriceChg': 'x_Tm2_PriceChg_c2', 'x_Tm5_PriceChg': 'x_Tm5_PriceChg_c2', 'y_Tp13_PriceChg': 'Unnamed: 0'}",0.028874382872515984
178,"{'x_Tm1_PRoc1': 'x_Tm1_PRoc1_c3', 'x_Tm11_PRoc1': 'x_Tm11_PRoc1_c2', 'x_Tm2_VolChg': 'x_Tm2_VolChg_c0', 'x_Tm12_VolChg': 'x_Tm12_VolChg_c6', 'x_Tm2_PriceChg': 'x_Tm2_PriceChg_c2', 'x_Tm5_PriceChg': 'x_Tm5_PriceChg_c2', 'y_Tp13_PriceChg': 'Unnamed: 0'}",0.02818928092991925
179,"{'x_Tm1_PRoc1': 'x_Tm1_PRoc1_c3', 'x_Tm11_PRoc1': 'x_Tm11_PRoc1_c2', 'x_Tm2_VolChg': 'x_Tm2_VolChg_c5', 'x_Tm12_VolChg': 'x_Tm12_VolChg_c0', 'x_Tm2_PriceChg': 'x_Tm2_PriceChg_c1', 'x_Tm5_PriceChg': 'x_Tm5_PriceChg_c2', 'y_Tp13_PriceChg': 'Unnamed: 0'}",0.024744907501692014
180,"{'x_Tm1_PRoc1': 'x_Tm1_PRoc1_c2', 'x_Tm11_PRoc1': 'x_Tm11_PRoc1_c2', 'x_Tm2_VolChg': 'x_Tm2_VolChg_c6', 'x_Tm12_VolChg': 'x_Tm12_VolChg_c0', 'x_Tm2_PriceChg': 'x_Tm2_PriceChg_c2', 'x_Tm5_PriceChg': 'x_Tm5_PriceChg_c1', 'y_Tp13_PriceChg': 'Unnamed: 0'}",0.02297481383051996
181,"{'x_Tm1_PRoc1': 'x_Tm1_PRoc1_c2', 'x_Tm11_PRoc1': 'x_Tm11_PRoc1_c3', 'x_Tm2_VolChg': 'x_Tm2_VolChg_c1', 'x_Tm12_VolChg': 'x_Tm12_VolChg_c5', 'x_Tm2_PriceChg': 'x_Tm2_PriceChg_c2', 'x_Tm5_PriceChg': 'x_Tm5_PriceChg_c2', 'y_Tp13_PriceChg': 'Unnamed: 0'}",0.0220798724126837
182,"{'x_Tm1_PRoc1': 'x_Tm1_PRoc1_c2', 'x_Tm11_PRoc1': 'x_Tm11_PRoc1_c2', 'x_Tm2_VolChg': 'x_Tm2_VolChg_c0', 'x_Tm12_VolChg': 'x_Tm12_VolChg_c1', 'x_Tm2_PriceChg': 'x_Tm2_PriceChg_c1', 'x_Tm5_PriceChg': 'x_Tm5_PriceChg_c2', 'y_Tp13_PriceChg': 'Unnamed: 0'}",0.01761125567701697
183,"{'x_Tm1_PRoc1': 'x_Tm1_PRoc1_c2', 'x_Tm11_PRoc1': 'x_Tm11_PRoc1_c3', 'x_Tm2_VolChg': 'x_Tm2_VolChg_c3', 'x_Tm12_VolChg': 'x_Tm12_VolChg_c4', 'x_Tm2_PriceChg': 'x_Tm2_PriceChg_c3', 'x_Tm5_PriceChg': 'x_Tm5_PriceChg_c2', 'y_Tp13_PriceChg': 'Unnamed: 0'}",0.016778448383397204
184,"{'x_Tm1_PRoc1': 'x_Tm1_PRoc1_c3', 'x_Tm11_PRoc1': 'x_Tm11_PRoc1_c3', 'x_Tm2_VolChg': 'x_Tm2_VolChg_c3', 'x_Tm12_VolChg': 'x_Tm12_VolChg_c6', 'x_Tm2_PriceChg': 'x_Tm2_PriceChg_c1', 'x_Tm5_PriceChg': 'x_Tm5_PriceChg_c1', 'y_Tp13_PriceChg': 'Unnamed: 0'}",0.015904240122557586
185,"{'x_Tm1_PRoc1': 'x_Tm1_PRoc1_c2', 'x_Tm11_PRoc1': 'x_Tm11_PRoc1_c2', 'x_Tm2_VolChg': 'x_Tm2_VolChg_c3', 'x_Tm12_VolChg': 'x_Tm12_VolChg_c0', 'x_Tm2_PriceChg': 'x_Tm2_PriceChg_c1', 'x_Tm5_PriceChg': 'x_Tm5_PriceChg_c1', 'y_Tp13_PriceChg': 'Unnamed: 0'}",0.015484444443740902
186,"{'x_Tm1_PRoc1': 'x_Tm1_PRoc1_c2', 'x_Tm11_PRoc1': 'x_Tm11_PRoc1_c1', 'x_Tm2_VolChg': 'x_Tm2_VolChg_c4', 'x_Tm12_VolChg': 'x_Tm12_VolChg_c3', 'x_Tm2_PriceChg': 'x_Tm2_PriceChg_c1', 'x_Tm5_PriceChg': 'x_Tm5_PriceChg_c1', 'y_Tp13_PriceChg': 'Unnamed: 0'}",0.014247003894883219
187,"{'x_Tm1_PRoc1': 'x_Tm1_PRoc1_c2', 'x_Tm11_PRoc1': 'x_Tm11_PRoc1_c3', 'x_Tm2_VolChg': 'x_Tm2_VolChg_c6', 'x_Tm12_VolChg': 'x_Tm12_VolChg_c1', 'x_Tm2_PriceChg': 'x_Tm2_PriceChg_c2', 'x_Tm5_PriceChg': 'x_Tm5_PriceChg_c2', 'y_Tp13_PriceChg': 'Unnamed: 0'}",0.01367526628293389
188,"{'x_Tm1_PRoc1': 'x_Tm1_PRoc1_c2', 'x_Tm11_PRoc1': 'x_Tm11_PRoc1_c2', 'x_Tm2_VolChg': 'x_Tm2_VolChg_c0', 'x_Tm12_VolChg': 'x_Tm12_VolChg_c2', 'x_Tm2_PriceChg': 'x_Tm2_PriceChg_c1', 'x_Tm5_PriceChg': 'x_Tm5_PriceChg_c2', 'y_Tp13_PriceChg': 'Unnamed: 0'}",0.012690764311373984
189,"{'x_Tm1_PRoc1': 'x_Tm1_PRoc1_c1', 'x_Tm11_PRoc1': 'x_Tm11_PRoc1_c2', 'x_Tm2_VolChg': 'x_Tm2_VolChg_c3', 'x_Tm12_VolChg': 'x_Tm12_VolChg_c0', 'x_Tm2_PriceChg': 'x_Tm2_PriceChg_c1', 'x_Tm5_PriceChg': 'x_Tm5_PriceChg_c1', 'y_Tp13_PriceChg': 'Unnamed: 0'}",0.011222862739408567
190,"{'x_Tm1_PRoc1': 'x_Tm1_PRoc1_c2', 'x_Tm11_PRoc1': 'x_Tm11_PRoc1_c2', 'x_Tm2_VolChg': 'x_Tm2_VolChg_c2', 'x_Tm12_VolChg': 'x_Tm12_VolChg_c4', 'x_Tm2_PriceChg': 'x_Tm2_PriceChg_c1', 'x_Tm5_PriceChg': 'x_Tm5_PriceChg_c1', 'y_Tp13_PriceChg': 'Unnamed: 0'}",0.009014662855920796
191,"{'x_Tm1_PRoc1': 'x_Tm1_PRoc1_c2', 'x_Tm11_PRoc1': 'x_Tm11_PRoc1_c2', 'x_Tm2_VolChg': 'x_Tm2_VolChg_c2', 'x_Tm12_VolChg': 'x_Tm12_VolChg_c4', 'x_Tm2_PriceChg': 'x_Tm2_PriceChg_c1', 'x_Tm5_PriceChg': 'x_Tm5_PriceChg_c2', 'y_Tp13_PriceChg': 'Unnamed: 0'}",0.008167903478567676
192,"{'x_Tm1_PRoc1': 'x_Tm1_PRoc1_c3', 'x_Tm11_PRoc1': 'x_Tm11_PRoc1_c2', 'x_Tm2_VolChg': 'x_Tm2_VolChg_c6', 'x_Tm12_VolChg': 'x_Tm12_VolChg_c1', 'x_Tm2_PriceChg': 'x_Tm2_PriceChg_c0', 'x_Tm5_PriceChg': 'x_Tm5_PriceChg_c1', 'y_Tp13_PriceChg': 'Unnamed: 0'}",0.007759161825042822
193,"{'x_Tm1_PRoc1': 'x_Tm1_PRoc1_c2', 'x_Tm11_PRoc1': 'x_Tm11_PRoc1_c2', 'x_Tm2_VolChg': 'x_Tm2_VolChg_c0', 'x_Tm12_VolChg': 'x_Tm12_VolChg_c4', 'x_Tm2_PriceChg': 'x_Tm2_PriceChg_c1', 'x_Tm5_PriceChg': 'x_Tm5_PriceChg_c2', 'y_Tp13_PriceChg': 'Unnamed: 0'}",0.005758136847384245
194,"{'x_Tm1_PRoc1': 'x_Tm1_PRoc1_c3', 'x_Tm11_PRoc1': 'x_Tm11_PRoc1_c2', 'x_Tm2_VolChg': 'x_Tm2_VolChg_c4', 'x_Tm12_VolChg': 'x_Tm12_VolChg_c0', 'x_Tm2_PriceChg': 'x_Tm2_PriceChg_c1', 'x_Tm5_PriceChg': 'x_Tm5_PriceChg_c1', 'y_Tp13_PriceChg': 'Unnamed: 0'}",0.005093591025750835
195,"{'x_Tm1_PRoc1': 'x_Tm1_PRoc1_c2', 'x_Tm11_PRoc1': 'x_Tm11_PRoc1_c2', 'x_Tm2_VolChg': 'x_Tm2_VolChg_c3', 'x_Tm12_VolChg': 'x_Tm12_VolChg_c6', 'x_Tm2_PriceChg': 'x_Tm2_PriceChg_c3', 'x_Tm5_PriceChg': 'x_Tm5_PriceChg_c2', 'y_Tp13_PriceChg': 'Unnamed: 0'}",0.0024894085169314905
196,"{'x_Tm1_PRoc1': 'x_Tm1_PRoc1_c2', 'x_Tm11_PRoc1': 'x_Tm11_PRoc1_c2', 'x_Tm2_VolChg': 'x_Tm2_VolChg_c2', 'x_Tm12_VolChg': 'x_Tm12_VolChg_c5', 'x_Tm2_PriceChg': 'x_Tm2_PriceChg_c3', 'x_Tm5_PriceChg': 'x_Tm5_PriceChg_c2', 'y_Tp13_PriceChg': 'Unnamed: 0'}",0.0022623159568574214
197,"{'x_Tm1_PRoc1': 'x_Tm1_PRoc1_c2', 'x_Tm11_PRoc1': 'x_Tm11_PRoc1_c2', 'x_Tm2_VolChg': 'x_Tm2_VolChg_c2', 'x_Tm12_VolChg': 'x_Tm12_VolChg_c6', 'x_Tm2_PriceChg': 'x_Tm2_PriceChg_c1', 'x_Tm5_PriceChg': 'x_Tm5_PriceChg_c2', 'y_Tp13_PriceChg': 'Unnamed: 0'}",0.0006764974222517794
198,"{'x_Tm1_PRoc1': 'x_Tm1_PRoc1_c3', 'x_Tm11_PRoc1': 'x_Tm11_PRoc1_c2', 'x_Tm2_VolChg': 'x_Tm2_VolChg_c2', 'x_Tm12_VolChg': 'x_Tm12_VolChg_c2', 'x_Tm2_PriceChg': 'x_Tm2_PriceChg_c2', 'x_Tm5_PriceChg': 'x_Tm5_PriceChg_c2', 'y_Tp13_PriceChg': 'Unnamed: 0'}",0.0004856068392468979
199,"{'x_Tm1_PRoc1': 'x_Tm1_PRoc1_c2', 'x_Tm11_PRoc1': 'x_Tm11_PRoc1_c2', 'x_Tm2_VolChg': 'x_Tm2_VolChg_c2', 'x_Tm12_VolChg': 'x_Tm12_VolChg_c1', 'x_Tm2_PriceChg': 'x_Tm2_PriceChg_c1', 'x_Tm5_PriceChg': 'x_Tm5_PriceChg_c2', 'y_Tp13_PriceChg': 'Unnamed: 0'}",0.0004255321168750251
200,"{'x_Tm1_PRoc1': 'x_Tm1_PRoc1_c2', 'x_Tm11_PRoc1': 'x_Tm11_PRoc1_c3', 'x_Tm2_VolChg': 'x_Tm2_VolChg_c2', 'x_Tm12_VolChg': 'x_Tm12_VolChg_c1', 'x_Tm2_PriceChg': 'x_Tm2_PriceChg_c3', 'x_Tm5_PriceChg': 'x_Tm5_PriceChg_c3', 'y_Tp13_PriceChg': 'Unnamed: 0'}",0.0003055165100247855
201,"{'x_Tm1_PRoc1': 'x_Tm1_PRoc1_c2', 'x_Tm11_PRoc1': 'x_Tm11_PRoc1_c3', 'x_Tm2_VolChg': 'x_Tm2_VolChg_c2', 'x_Tm12_VolChg': 'x_Tm12_VolChg_c4', 'x_Tm2_PriceChg': 'x_Tm2_PriceChg_c3', 'x_Tm5_PriceChg': 'x_Tm5_PriceChg_c3', 'y_Tp13_PriceChg': 'Unnamed: 0'}",0.0002967814289799006
202,"{'x_Tm1_PRoc1': 'x_Tm1_PRoc1_c2', 'x_Tm11_PRoc1': 'x_Tm11_PRoc1_c2', 'x_Tm2_VolChg': 'x_Tm2_VolChg_c3', 'x_Tm12_VolChg': 'x_Tm12_VolChg_c2', 'x_Tm2_PriceChg': 'x_Tm2_PriceChg_c3', 'x_Tm5_PriceChg': 'x_Tm5_PriceChg_c2', 'y_Tp13_PriceChg': 'Unnamed: 0'}",0.0002796823208561852
203,"{'x_Tm1_PRoc1': 'x_Tm1_PRoc1_c3', 'x_Tm11_PRoc1': 'x_Tm11_PRoc1_c2', 'x_Tm2_VolChg': 'x_Tm2_VolChg_c5', 'x_Tm12_VolChg': 'x_Tm12_VolChg_c1', 'x_Tm2_PriceChg': 'x_Tm2_PriceChg_c2', 'x_Tm5_PriceChg': 'x_Tm5_PriceChg_c2', 'y_Tp13_PriceChg': 'Unnamed: 0'}",0.0002620194257127762
204,"{'x_Tm1_PRoc1': 'x_Tm1_PRoc1_c2', 'x_Tm11_PRoc1': 'x_Tm11_PRoc1_c3', 'x_Tm2_VolChg': 'x_Tm2_VolChg_c2', 'x_Tm12_VolChg': 'x_Tm12_VolChg_c6', 'x_Tm2_PriceChg': 'x_Tm2_PriceChg_c3', 'x_Tm5_PriceChg': 'x_Tm5_PriceChg_c3', 'y_Tp13_PriceChg': 'Unnamed: 0'}",0.00025300469242916824
205,"{'x_Tm1_PRoc1': 'x_Tm1_PRoc1_c3', 'x_Tm11_PRoc1': 'x_Tm11_PRoc1_c2', 'x_Tm2_VolChg': 'x_Tm2_VolChg_c6', 'x_Tm12_VolChg': 'x_Tm12_VolChg_c1', 'x_Tm2_PriceChg': 'x_Tm2_PriceChg_c1', 'x_Tm5_PriceChg': 'x_Tm5_PriceChg_c2', 'y_Tp13_PriceChg': 'Unnamed: 0'}",0.00024349975242661282
206,"{'x_Tm1_PRoc1': 'x_Tm1_PRoc1_c2', 'x_Tm11_PRoc1': 'x_Tm11_PRoc1_c2', 'x_Tm2_VolChg': 'x_Tm2_VolChg_c3', 'x_Tm12_VolChg': 'x_Tm12_VolChg_c0', 'x_Tm2_PriceChg': 'x_Tm2_PriceChg_c3', 'x_Tm5_PriceChg': 'x_Tm5_PriceChg_c3', 'y_Tp13_PriceChg': 'Unnamed: 0'}",0.00023459465797515732
207,"{'x_Tm1_PRoc1': 'x_Tm1_PRoc1_c2', 'x_Tm11_PRoc1': 'x_Tm11_PRoc1_c2', 'x_Tm2_VolChg': 'x_Tm2_VolChg_c2', 'x_Tm12_VolChg': 'x_Tm12_VolChg_c4', 'x_Tm2_PriceChg': 'x_Tm2_PriceChg_c3', 'x_Tm5_PriceChg': 'x_Tm5_PriceChg_c2', 'y_Tp13_PriceChg': 'Unnamed: 0'}",0.00022199731522217772
208,"{'x_Tm1_PRoc1': 'x_Tm1_PRoc1_c2', 'x_Tm11_PRoc1': 'x_Tm11_PRoc1_c1', 'x_Tm2_VolChg': 'x_Tm2_VolChg_c0', 'x_Tm12_VolChg': 'x_Tm12_VolChg_c0', 'x_Tm2_PriceChg': 'x_Tm2_PriceChg_c2', 'x_Tm5_PriceChg': 'x_Tm5_PriceChg_c2', 'y_Tp13_PriceChg': 'Unnamed: 0'}",0.00017927576790175987
209,"{'x_Tm1_PRoc1': 'x_Tm1_PRoc1_c1', 'x_Tm11_PRoc1': 'x_Tm11_PRoc1_c2', 'x_Tm2_VolChg': 'x_Tm2_VolChg_c0', 'x_Tm12_VolChg': 'x_Tm12_VolChg_c2', 'x_Tm2_PriceChg': 'x_Tm2_PriceChg_c2', 'x_Tm5_PriceChg': 'x_Tm5_PriceChg_c2', 'y_Tp13_PriceChg': 'Unnamed: 0'}",0.0001374215705767894
210,"{'x_Tm1_PRoc1': 'x_Tm1_PRoc1_c2', 'x_Tm11_PRoc1': 'x_Tm11_PRoc1_c2', 'x_Tm2_VolChg': 'x_Tm2_VolChg_c0', 'x_Tm12_VolChg': 'x_Tm12_VolChg_c6', 'x_Tm2_PriceChg': 'x_Tm2_PriceChg_c1', 'x_Tm5_PriceChg': 'x_Tm5_PriceChg_c1', 'y_Tp13_PriceChg': 'Unnamed: 0'}",6.223287829508921e-05
211,"{'x_Tm1_PRoc1': 'x_Tm1_PRoc1_c2', 'x_Tm11_PRoc1': 'x_Tm11_PRoc1_c1', 'x_Tm2_VolChg': 'x_Tm2_VolChg_c1', 'x_Tm12_VolChg': 'x_Tm12_VolChg_c1', 'x_Tm2_PriceChg': 'x_Tm2_PriceChg_c1', 'x_Tm5_PriceChg': 'x_Tm5_PriceChg_c1', 'y_Tp13_PriceChg': 'Unnamed: 0'}",5.8666453055665694e-05
212,"{'x_Tm1_PRoc1': 'x_Tm1_PRoc1_c2', 'x_Tm11_PRoc1': 'x_Tm11_PRoc1_c2', 'x_Tm2_VolChg': 'x_Tm2_VolChg_c1', 'x_Tm12_VolChg': 'x_Tm12_VolChg_c4', 'x_Tm2_PriceChg': 'x_Tm2_PriceChg_c3', 'x_Tm5_PriceChg': 'x_Tm5_PriceChg_c2', 'y_Tp13_PriceChg': 'Unnamed: 0'}",5.7193325998907115e-05
213,"{'x_Tm1_PRoc1': 'x_Tm1_PRoc1_c1', 'x_Tm11_PRoc1': 'x_Tm11_PRoc1_c2', 'x_Tm2_VolChg': 'x_Tm2_VolChg_c2', 'x_Tm12_VolChg': 'x_Tm12_VolChg_c0', 'x_Tm2_PriceChg': 'x_Tm2_PriceChg_c2', 'x_Tm5_PriceChg': 'x_Tm5_PriceChg_c2', 'y_Tp13_PriceChg': 'Unnamed: 0'}",4.787789307175704e-05
214,"{'x_Tm1_PRoc1': 'x_Tm1_PRoc1_c2', 'x_Tm11_PRoc1': 'x_Tm11_PRoc1_c2', 'x_Tm2_VolChg': 'x_Tm2_VolChg_c6', 'x_Tm12_VolChg': 'x_Tm12_VolChg_c3', 'x_Tm2_PriceChg': 'x_Tm2_PriceChg_c3', 'x_Tm5_PriceChg': 'x_Tm5_PriceChg_c3', 'y_Tp13_PriceChg': 'Unnamed: 0'}",4.374648667572952e-05
215,"{'x_Tm1_PRoc1': 'x_Tm1_PRoc1_c2', 'x_Tm11_PRoc1': 'x_Tm11_PRoc1_c3', 'x_Tm2_VolChg': 'x_Tm2_VolChg_c1', 'x_Tm12_VolChg': 'x_Tm12_VolChg_c1', 'x_Tm2_PriceChg': 'x_Tm2_PriceChg_c2', 'x_Tm5_PriceChg': 'x_Tm5_PriceChg_c2', 'y_Tp13_PriceChg': 'Unnamed: 0'}",3.6442881931358016e-05
216,"{'x_Tm1_PRoc1': 'x_Tm1_PRoc1_c3', 'x_Tm11_PRoc1': 'x_Tm11_PRoc1_c2', 'x_Tm2_VolChg': 'x_Tm2_VolChg_c5', 'x_Tm12_VolChg': 'x_Tm12_VolChg_c0', 'x_Tm2_PriceChg': 'x_Tm2_PriceChg_c2', 'x_Tm5_PriceChg': 'x_Tm5_PriceChg_c2', 'y_Tp13_PriceChg': 'Unnamed: 0'}",3.00082017862836e-05
217,"{'x_Tm1_PRoc1': 'x_Tm1_PRoc1_c2', 'x_Tm11_PRoc1': 'x_Tm11_PRoc1_c3', 'x_Tm2_VolChg': 'x_Tm2_VolChg_c0', 'x_Tm12_VolChg': 'x_Tm12_VolChg_c3', 'x_Tm2_PriceChg': 'x_Tm2_PriceChg_c2', 'x_Tm5_PriceChg': 'x_Tm5_PriceChg_c2', 'y_Tp13_PriceChg': 'Unnamed: 0'}",2.618078552598622e-05
218,"{'x_Tm1_PRoc1': 'x_Tm1_PRoc1_c2', 'x_Tm11_PRoc1': 'x_Tm11_PRoc1_c2', 'x_Tm2_VolChg': 'x_Tm2_VolChg_c0', 'x_Tm12_VolChg': 'x_Tm12_VolChg_c5', 'x_Tm2_PriceChg': 'x_Tm2_PriceChg_c3', 'x_Tm5_PriceChg': 'x_Tm5_PriceChg_c2', 'y_Tp13_PriceChg': 'Unnamed: 0'}",2.433081780219288e-05
219,"{'x_Tm1_PRoc1': 'x_Tm1_PRoc1_c2', 'x_Tm11_PRoc1': 'x_Tm11_PRoc1_c3', 'x_Tm2_VolChg': 'x_Tm2_VolChg_c1', 'x_Tm12_VolChg': 'x_Tm12_VolChg_c1', 'x_Tm2_PriceChg': 'x_Tm2_PriceChg_c3', 'x_Tm5_PriceChg': 'x_Tm5_PriceChg_c2', 'y_Tp13_PriceChg': 'Unnamed: 0'}",2.296114840849341e-05
220,"{'x_Tm1_PRoc1': 'x_Tm1_PRoc1_c2', 'x_Tm11_PRoc1': 'x_Tm11_PRoc1_c3', 'x_Tm2_VolChg': 'x_Tm2_VolChg_c0', 'x_Tm12_VolChg': 'x_Tm12_VolChg_c0', 'x_Tm2_PriceChg': 'x_Tm2_PriceChg_c2', 'x_Tm5_PriceChg': 'x_Tm5_PriceChg_c2', 'y_Tp13_PriceChg': 'Unnamed: 0'}",2.0436188933946462e-05
221,"{'x_Tm1_PRoc1': 'x_Tm1_PRoc1_c3', 'x_Tm11_PRoc1': 'x_Tm11_PRoc1_c2', 'x_Tm2_VolChg': 'x_Tm2_VolChg_c1', 'x_Tm12_VolChg': 'x_Tm12_VolChg_c1', 'x_Tm2_PriceChg': 'x_Tm2_PriceChg_c2', 'x_Tm5_PriceChg': 'x_Tm5_PriceChg_c2', 'y_Tp13_PriceChg': 'Unnamed: 0'}",2.0036217331426763e-05
222,"{'x_Tm1_PRoc1': 'x_Tm1_PRoc1_c3', 'x_Tm11_PRoc1': 'x_Tm11_PRoc1_c2', 'x_Tm2_VolChg': 'x_Tm2_VolChg_c4', 'x_Tm12_VolChg': 'x_Tm12_VolChg_c2', 'x_Tm2_PriceChg': 'x_Tm2_PriceChg_c2', 'x_Tm5_PriceChg': 'x_Tm5_PriceChg_c2', 'y_Tp13_PriceChg': 'Unnamed: 0'}",1.8999818847746867e-05
223,"{'x_Tm1_PRoc1': 'x_Tm1_PRoc1_c2', 'x_Tm11_PRoc1': 'x_Tm11_PRoc1_c3', 'x_Tm2_VolChg': 'x_Tm2_VolChg_c5', 'x_Tm12_VolChg': 'x_Tm12_VolChg_c4', 'x_Tm2_PriceChg': 'x_Tm2_PriceChg_c2', 'x_Tm5_PriceChg': 'x_Tm5_PriceChg_c2', 'y_Tp13_PriceChg': 'Unnamed: 0'}",1.697971622306072e-05
224,"{'x_Tm1_PRoc1': 'x_Tm1_PRoc1_c2', 'x_Tm11_PRoc1': 'x_Tm11_PRoc1_c2', 'x_Tm2_VolChg': 'x_Tm2_VolChg_c2', 'x_Tm12_VolChg': 'x_Tm12_VolChg_c0', 'x_Tm2_PriceChg': 'x_Tm2_PriceChg_c3', 'x_Tm5_PriceChg': 'x_Tm5_PriceChg_c3', 'y_Tp13_PriceChg': 'Unnamed: 0'}",1.2452072833917354e-05
225,"{'x_Tm1_PRoc1': 'x_Tm1_PRoc1_c2', 'x_Tm11_PRoc1': 'x_Tm11_PRoc1_c2', 'x_Tm2_VolChg': 'x_Tm2_VolChg_c2', 'x_Tm12_VolChg': 'x_Tm12_VolChg_c1', 'x_Tm2_PriceChg': 'x_Tm2_PriceChg_c3', 'x_Tm5_PriceChg': 'x_Tm5_PriceChg_c3', 'y_Tp13_PriceChg': 'Unnamed: 0'}",1.16131161880936e-05
226,"{'x_Tm1_PRoc1': 'x_Tm1_PRoc1_c2', 'x_Tm11_PRoc1': 'x_Tm11_PRoc1_c2', 'x_Tm2_VolChg': 'x_Tm2_VolChg_c3', 'x_Tm12_VolChg': 'x_Tm12_VolChg_c3', 'x_Tm2_PriceChg': 'x_Tm2_PriceChg_c3', 'x_Tm5_PriceChg': 'x_Tm5_PriceChg_c3', 'y_Tp13_PriceChg': 'Unnamed: 0'}",1.0594983752714991e-05
227,"{'x_Tm1_PRoc1': 'x_Tm1_PRoc1_c2', 'x_Tm11_PRoc1': 'x_Tm11_PRoc1_c3', 'x_Tm2_VolChg': 'x_Tm2_VolChg_c3', 'x_Tm12_VolChg': 'x_Tm12_VolChg_c2', 'x_Tm2_PriceChg': 'x_Tm2_PriceChg_c3', 'x_Tm5_PriceChg': 'x_Tm5_PriceChg_c3', 'y_Tp13_PriceChg': 'Unnamed: 0'}",1.0460473596204234e-05
228,"{'x_Tm1_PRoc1': 'x_Tm1_PRoc1_c2', 'x_Tm11_PRoc1': 'x_Tm11_PRoc1_c3', 'x_Tm2_VolChg': 'x_Tm2_VolChg_c5', 'x_Tm12_VolChg': 'x_Tm12_VolChg_c1', 'x_Tm2_PriceChg': 'x_Tm2_PriceChg_c2', 'x_Tm5_PriceChg': 'x_Tm5_PriceChg_c2', 'y_Tp13_PriceChg': 'Unnamed: 0'}",7.287159626031988e-06
229,"{'x_Tm1_PRoc1': 'x_Tm1_PRoc1_c2', 'x_Tm11_PRoc1': 'x_Tm11_PRoc1_c2', 'x_Tm2_VolChg': 'x_Tm2_VolChg_c3', 'x_Tm12_VolChg': 'x_Tm12_VolChg_c4', 'x_Tm2_PriceChg': 'x_Tm2_PriceChg_c3', 'x_Tm5_PriceChg': 'x_Tm5_PriceChg_c2', 'y_Tp13_PriceChg': 'Unnamed: 0'}",7.150154084330776e-06
230,"{'x_Tm1_PRoc1': 'x_Tm1_PRoc1_c2', 'x_Tm11_PRoc1': 'x_Tm11_PRoc1_c2', 'x_Tm2_VolChg': 'x_Tm2_VolChg_c5', 'x_Tm12_VolChg': 'x_Tm12_VolChg_c1', 'x_Tm2_PriceChg': 'x_Tm2_PriceChg_c1', 'x_Tm5_PriceChg': 'x_Tm5_PriceChg_c2', 'y_Tp13_PriceChg': 'Unnamed: 0'}",4.97521743185736e-06
231,"{'x_Tm1_PRoc1': 'x_Tm1_PRoc1_c2', 'x_Tm11_PRoc1': 'x_Tm11_PRoc1_c2', 'x_Tm2_VolChg': 'x_Tm2_VolChg_c4', 'x_Tm12_VolChg': 'x_Tm12_VolChg_c6', 'x_Tm2_PriceChg': 'x_Tm2_PriceChg_c1', 'x_Tm5_PriceChg': 'x_Tm5_PriceChg_c2', 'y_Tp13_PriceChg': 'Unnamed: 0'}",2.8573107331474693e-06
232,"{'x_Tm1_PRoc1': 'x_Tm1_PRoc1_c2', 'x_Tm11_PRoc1': 'x_Tm11_PRoc1_c3', 'x_Tm2_VolChg': 'x_Tm2_VolChg_c6', 'x_Tm12_VolChg': 'x_Tm12_VolChg_c4', 'x_Tm2_PriceChg': 'x_Tm2_PriceChg_c2', 'x_Tm5_PriceChg': 'x_Tm5_PriceChg_c2', 'y_Tp13_PriceChg': 'Unnamed: 0'}",2.779012520472637e-06
233,"{'x_Tm1_PRoc1': 'x_Tm1_PRoc1_c2', 'x_Tm11_PRoc1': 'x_Tm11_PRoc1_c2', 'x_Tm2_VolChg': 'x_Tm2_VolChg_c2', 'x_Tm12_VolChg': 'x_Tm12_VolChg_c5', 'x_Tm2_PriceChg': 'x_Tm2_PriceChg_c1', 'x_Tm5_PriceChg': 'x_Tm5_PriceChg_c2', 'y_Tp13_PriceChg': 'Unnamed: 0'}",2.4836899325134645e-06
234,"{'x_Tm1_PRoc1': 'x_Tm1_PRoc1_c2', 'x_Tm11_PRoc1': 'x_Tm11_PRoc1_c2', 'x_Tm2_VolChg': 'x_Tm2_VolChg_c6', 'x_Tm12_VolChg': 'x_Tm12_VolChg_c6', 'x_Tm2_PriceChg': 'x_Tm2_PriceChg_c2', 'x_Tm5_PriceChg': 'x_Tm5_PriceChg_c2', 'y_Tp13_PriceChg': 'Unnamed: 0'}",1.6336088001292643e-06
235,"{'x_Tm1_PRoc1': 'x_Tm1_PRoc1_c2', 'x_Tm11_PRoc1': 'x_Tm11_PRoc1_c2', 'x_Tm2_VolChg': 'x_Tm2_VolChg_c4', 'x_Tm12_VolChg': 'x_Tm12_VolChg_c3', 'x_Tm2_PriceChg': 'x_Tm2_PriceChg_c1', 'x_Tm5_PriceChg': 'x_Tm5_PriceChg_c2', 'y_Tp13_PriceChg': 'Unnamed: 0'}",9.74791037248229e-07
236,"{'x_Tm1_PRoc1': 'x_Tm1_PRoc1_c2', 'x_Tm11_PRoc1': 'x_Tm11_PRoc1_c2', 'x_Tm2_VolChg': 'x_Tm2_VolChg_c3', 'x_Tm12_VolChg': 'x_Tm12_VolChg_c4', 'x_Tm2_PriceChg': 'x_Tm2_PriceChg_c1', 'x_Tm5_PriceChg': 'x_Tm5_PriceChg_c2', 'y_Tp13_PriceChg': 'Unnamed: 0'}",9.537530200240518e-07
237,"{'x_Tm1_PRoc1': 'x_Tm1_PRoc1_c3', 'x_Tm11_PRoc1': 'x_Tm11_PRoc1_c2', 'x_Tm2_VolChg': 'x_Tm2_VolChg_c6', 'x_Tm12_VolChg': 'x_Tm12_VolChg_c1', 'x_Tm2_PriceChg': 'x_Tm2_PriceChg_c1', 'x_Tm5_PriceChg': 'x_Tm5_PriceChg_c1', 'y_Tp13_PriceChg': 'Unnamed: 0'}",7.292848643177217e-07
238,"{'x_Tm1_PRoc1': 'x_Tm1_PRoc1_c3', 'x_Tm11_PRoc1': 'x_Tm11_PRoc1_c2', 'x_Tm2_VolChg': 'x_Tm2_VolChg_c0', 'x_Tm12_VolChg': 'x_Tm12_VolChg_c2', 'x_Tm2_PriceChg': 'x_Tm2_PriceChg_c1', 'x_Tm5_PriceChg': 'x_Tm5_PriceChg_c2', 'y_Tp13_PriceChg': 'Unnamed: 0'}",6.889120097918263e-07
239,"{'x_Tm1_PRoc1': 'x_Tm1_PRoc1_c2', 'x_Tm11_PRoc1': 'x_Tm11_PRoc1_c2', 'x_Tm2_VolChg': 'x_Tm2_VolChg_c0', 'x_Tm12_VolChg': 'x_Tm12_VolChg_c2', 'x_Tm2_PriceChg': 'x_Tm2_PriceChg_c3', 'x_Tm5_PriceChg': 'x_Tm5_PriceChg_c2', 'y_Tp13_PriceChg': 'Unnamed: 0'}",6.444483420933729e-07
240,"{'x_Tm1_PRoc1': 'x_Tm1_PRoc1_c2', 'x_Tm11_PRoc1': 'x_Tm11_PRoc1_c2', 'x_Tm2_VolChg': 'x_Tm2_VolChg_c0', 'x_Tm12_VolChg': 'x_Tm12_VolChg_c1', 'x_Tm2_PriceChg': 'x_Tm2_PriceChg_c1', 'x_Tm5_PriceChg': 'x_Tm5_PriceChg_c1', 'y_Tp13_PriceChg': 'Unnamed: 0'}",4.4031666919873834e-07
241,"{'x_Tm1_PRoc1': 'x_Tm1_PRoc1_c3', 'x_Tm11_PRoc1': 'x_Tm11_PRoc1_c2', 'x_Tm2_VolChg': 'x_Tm2_VolChg_c2', 'x_Tm12_VolChg': 'x_Tm12_VolChg_c0', 'x_Tm2_PriceChg': 'x_Tm2_PriceChg_c3', 'x_Tm5_PriceChg': 'x_Tm5_PriceChg_c2', 'y_Tp13_PriceChg': 'Unnamed: 0'}",3.0673443100836506e-07
242,"{'x_Tm1_PRoc1': 'x_Tm1_PRoc1_c3', 'x_Tm11_PRoc1': 'x_Tm11_PRoc1_c2', 'x_Tm2_VolChg': 'x_Tm2_VolChg_c1', 'x_Tm12_VolChg': 'x_Tm12_VolChg_c2', 'x_Tm2_PriceChg': 'x_Tm2_PriceChg_c3', 'x_Tm5_PriceChg': 'x_Tm5_PriceChg_c2', 'y_Tp13_PriceChg': 'Unnamed: 0'}",2.9557523252137696e-07
243,"{'x_Tm1_PRoc1': 'x_Tm1_PRoc1_c2', 'x_Tm11_PRoc1': 'x_Tm11_PRoc1_c2', 'x_Tm2_VolChg': 'x_Tm2_VolChg_c5', 'x_Tm12_VolChg': 'x_Tm12_VolChg_c6', 'x_Tm2_PriceChg': 'x_Tm2_PriceChg_c3', 'x_Tm5_PriceChg': 'x_Tm5_PriceChg_c2', 'y_Tp13_PriceChg': 'Unnamed: 0'}",2.928733323202443e-07
244,"{'x_Tm1_PRoc1': 'x_Tm1_PRoc1_c2', 'x_Tm11_PRoc1': 'x_Tm11_PRoc1_c2', 'x_Tm2_VolChg': 'x_Tm2_VolChg_c1', 'x_Tm12_VolChg': 'x_Tm12_VolChg_c1', 'x_Tm2_PriceChg': 'x_Tm2_PriceChg_c3', 'x_Tm5_PriceChg': 'x_Tm5_PriceChg_c3', 'y_Tp13_PriceChg': 'Unnamed: 0'}",2.6393856275989543e-07
245,"{'x_Tm1_PRoc1': 'x_Tm1_PRoc1_c2', 'x_Tm11_PRoc1': 'x_Tm11_PRoc1_c2', 'x_Tm2_VolChg': 'x_Tm2_VolChg_c1', 'x_Tm12_VolChg': 'x_Tm12_VolChg_c4', 'x_Tm2_PriceChg': 'x_Tm2_PriceChg_c1', 'x_Tm5_PriceChg': 'x_Tm5_PriceChg_c2', 'y_Tp13_PriceChg': 'Unnamed: 0'}",2.1111973263408368e-07
246,"{'x_Tm1_PRoc1': 'x_Tm1_PRoc1_c2', 'x_Tm11_PRoc1': 'x_Tm11_PRoc1_c2', 'x_Tm2_VolChg': 'x_Tm2_VolChg_c1', 'x_Tm12_VolChg': 'x_Tm12_VolChg_c6', 'x_Tm2_PriceChg': 'x_Tm2_PriceChg_c1', 'x_Tm5_PriceChg': 'x_Tm5_PriceChg_c1', 'y_Tp13_PriceChg': 'Unnamed: 0'}",1.5415359688524714e-07
247,"{'x_Tm1_PRoc1': 'x_Tm1_PRoc1_c2', 'x_Tm11_PRoc1': 'x_Tm11_PRoc1_c2', 'x_Tm2_VolChg': 'x_Tm2_VolChg_c5', 'x_Tm12_VolChg': 'x_Tm12_VolChg_c5', 'x_Tm2_PriceChg': 'x_Tm2_PriceChg_c3', 'x_Tm5_PriceChg': 'x_Tm5_PriceChg_c2', 'y_Tp13_PriceChg': 'Unnamed: 0'}",1.2665858745012748e-07
248,"{'x_Tm1_PRoc1': 'x_Tm1_PRoc1_c3', 'x_Tm11_PRoc1': 'x_Tm11_PRoc1_c3', 'x_Tm2_VolChg': 'x_Tm2_VolChg_c6', 'x_Tm12_VolChg': 'x_Tm12_VolChg_c0', 'x_Tm2_PriceChg': 'x_Tm2_PriceChg_c3', 'x_Tm5_PriceChg': 'x_Tm5_PriceChg_c2', 'y_Tp13_PriceChg': 'Unnamed: 0'}",1.0794666614576714e-07
249,"{'x_Tm1_PRoc1': 'x_Tm1_PRoc1_c3', 'x_Tm11_PRoc1': 'x_Tm11_PRoc1_c3', 'x_Tm2_VolChg': 'x_Tm2_VolChg_c1', 'x_Tm12_VolChg': 'x_Tm12_VolChg_c1', 'x_Tm2_PriceChg': 'x_Tm2_PriceChg_c2', 'x_Tm5_PriceChg': 'x_Tm5_PriceChg_c2', 'y_Tp13_PriceChg': 'Unnamed: 0'}",8.760748559999815e-08
250,"{'x_Tm1_PRoc1': 'x_Tm1_PRoc1_c2', 'x_Tm11_PRoc1': 'x_Tm11_PRoc1_c3', 'x_Tm2_VolChg': 'x_Tm2_VolChg_c6', 'x_Tm12_VolChg': 'x_Tm12_VolChg_c6', 'x_Tm2_PriceChg': 'x_Tm2_PriceChg_c3', 'x_Tm5_PriceChg': 'x_Tm5_PriceChg_c2', 'y_Tp13_PriceChg': 'Unnamed: 0'}",8.083163079055681e-08
251,"{'x_Tm1_PRoc1': 'x_Tm1_PRoc1_c2', 'x_Tm11_PRoc1': 'x_Tm11_PRoc1_c3', 'x_Tm2_VolChg': 'x_Tm2_VolChg_c4', 'x_Tm12_VolChg': 'x_Tm12_VolChg_c1', 'x_Tm2_PriceChg': 'x_Tm2_PriceChg_c2', 'x_Tm5_PriceChg': 'x_Tm5_PriceChg_c2', 'y_Tp13_PriceChg': 'Unnamed: 0'}",4.485816613347707e-08
252,"{'x_Tm1_PRoc1': 'x_Tm1_PRoc1_c3', 'x_Tm11_PRoc1': 'x_Tm11_PRoc1_c2', 'x_Tm2_VolChg': 'x_Tm2_VolChg_c0', 'x_Tm12_VolChg': 'x_Tm12_VolChg_c1', 'x_Tm2_PriceChg': 'x_Tm2_PriceChg_c2', 'x_Tm5_PriceChg': 'x_Tm5_PriceChg_c2', 'y_Tp13_PriceChg': 'Unnamed: 0'}",3.694017689130983e-08
253,"{'x_Tm1_PRoc1': 'x_Tm1_PRoc1_c2', 'x_Tm11_PRoc1': 'x_Tm11_PRoc1_c2', 'x_Tm2_VolChg': 'x_Tm2_VolChg_c3', 'x_Tm12_VolChg': 'x_Tm12_VolChg_c1', 'x_Tm2_PriceChg': 'x_Tm2_PriceChg_c1', 'x_Tm5_PriceChg': 'x_Tm5_PriceChg_c2', 'y_Tp13_PriceChg': 'Unnamed: 0'}",2.0632660997793444e-08
